signal_id,source,source_url,pub_date,geography,signal_type,skill_or_topic_verbatim,metric_verbatim,direction,seniority_relevance,note
S001,WEF Future of Jobs Report 2025,https://www.weforum.org/publications/the-future-of-jobs-report-2025/digest/,2025-01,Global,employer survey,AI and big data,Ranked #1 fastest-growing skill 2025-2030,rising,All,Top of fastest-growing list; followed by networks & cybersecurity and technological literacy
S002,WEF Future of Jobs Report 2025,https://www.weforum.org/publications/the-future-of-jobs-report-2025/digest/,2025-01,Global,employer survey,Networks and cybersecurity,Ranked #2 fastest-growing skill 2025-2030,rising,All,
S003,WEF Future of Jobs Report 2025,https://www.weforum.org/publications/the-future-of-jobs-report-2025/digest/,2025-01,Global,employer survey,Technological literacy,Ranked #3 fastest-growing skill 2025-2030,rising,All,
S004,WEF Future of Jobs Report 2025,https://www.weforum.org/publications/the-future-of-jobs-report-2025/digest/,2025-01,Global,employer survey,Creative thinking,In top-10 fastest-growing skills (#4),rising,All,
S005,WEF Future of Jobs Report 2025,https://www.weforum.org/publications/the-future-of-jobs-report-2025/digest/,2025-01,Global,employer survey,"Resilience, flexibility and agility",In top-10 fastest-growing skills; also #2 core skill 2025,rising,All,
S006,WEF Future of Jobs Report 2025,https://www.weforum.org/publications/the-future-of-jobs-report-2025/digest/,2025-01,Global,employer survey,Curiosity and lifelong learning,In top-10 fastest-growing skills,rising,All,
S007,WEF Future of Jobs Report 2025,https://www.weforum.org/publications/the-future-of-jobs-report-2025/digest/,2025-01,Global,employer survey,Environmental stewardship,Newly entered top-10 fastest-growing skills,rising,All,Only sustainability skill in top 10
S008,WEF Future of Jobs Report 2025,https://www.weforum.org/publications/the-future-of-jobs-report-2025/digest/,2025-01,Global,employer survey,Talent management,In top-10 fastest-growing skills,rising,Senior,Interpretation: people-leadership skill directly relevant to managers
S009,WEF Future of Jobs Report 2025,https://www.weforum.org/publications/the-future-of-jobs-report-2025/digest/,2025-01,Global,employer survey,Leadership and social influence,"Among top core skills 2025 (after analytical thinking, resilience); listed among top-10 skills workers will need",rising,Senior,
S010,WEF Future of Jobs Report 2025,https://www.weforum.org/publications/the-future-of-jobs-report-2025/digest/,2025-01,Global,employer survey,Analytical thinking,Seven out of 10 companies consider it essential in 2025 (#1 core skill),stable,All,"Core, not fastest-growing"
S011,WEF Future of Jobs Report 2025,https://www.weforum.org/publications/the-future-of-jobs-report-2025/digest/,2025-01,Global,employer survey,Skills disruption (overall),39% of existing skill sets transformed or outdated 2025-2030 (down from 44% in 2023),stable,All,Disruption rate easing vs 2023
S012,WEF Future of Jobs Report 2025,https://www.weforum.org/publications/the-future-of-jobs-report-2025/digest/,2025-01,Global,employer survey,Upskilling as workforce strategy,85% of employers plan to prioritise upskilling; 59 in 100 workers need training by 2030,rising,All,
S013,WEF Future of Jobs Report 2025,https://www.weforum.org/publications/the-future-of-jobs-report-2025/digest/,2025-01,Global,employer survey,Business re-orientation to AI (AI strategy),50% plan to re-orient business in response to AI; two-thirds plan to hire talent with specific AI skills; 40% anticipate reducing workforce where AI can automate,rising,Senior,Interpretation: drives demand for AI strategy & org redesign at exec level
S014,WEF Future of Jobs Report 2025,https://www.weforum.org/publications/the-future-of-jobs-report-2025/digest/,2025-01,Global,employer survey,"Manual dexterity, endurance and precision",24% of respondents foresee decrease in importance,declining,Unknown,Declining skill (not managerial)
S015,WEF Future of Jobs 2025 - India economy profile,https://widgets.weforum.org/future-of-jobs-2025/pdf/IND.pdf,2025-01,India,employer survey,AI and big data,"94% (skills on the rise to 2030, India) - steepest increase; technological literacy 74%; creative thinking 71%",rising,All,Profile % as reported in economy profile
S016,WEF Future of Jobs 2025 - India economy profile,https://widgets.weforum.org/future-of-jobs-2025/pdf/IND.pdf,2025-01,India,employer survey,Upskilling workforce to work alongside AI,72% upskilling existing workforce for AI collaboration; 66% hiring specialists to design AI tools,rising,All,
S017,WEF Future of Jobs 2025 - India economy profile,https://widgets.weforum.org/future-of-jobs-2025/pdf/IND.pdf,2025-01,India,employer survey,Skills gaps as barrier to transformation,Skills gaps 65% (primary barrier); organisational culture resistance 47%,rising,Senior,Interpretation: culture/change leadership is #2 barrier in India
S018,WEF Future of Jobs 2025 - India economy profile,https://widgets.weforum.org/future-of-jobs-2025/pdf/IND.pdf,2025-01,India,employer survey,Geopolitical division/conflicts (as transformation driver),55% of India employers cite geopolitical division; carbon reduction investments 53%,rising,Senior,Supports geopolitics & sustainability strategy topics
S019,WEF Future of Jobs 2025 - India economy profile,https://widgets.weforum.org/future-of-jobs-2025/pdf/IND.pdf,2025-01,India,employer survey,Skills disruption (India),95% of core skills will experience meaningful change vs 83% global (profile metric),rising,All,Different metric from 39% headline
S020,WEF - future of jobs in India (story),https://www.weforum.org/stories/all/the-future-of-jobs-in-india-employers-seek-to-boost-tech-talent-to-drive-ai-and-digital-technology-growth/,2025-04-17,India,employer survey,Skills-based hiring / diverse talent pools,~30% of Indian companies plan skills-based hiring (vs 19% global); 67% expect to tap diverse talent pools (vs 47%),rising,Senior,Talent strategy topic for HR leaders
S021,WEF - future of jobs in India (story),https://www.weforum.org/stories/all/the-future-of-jobs-in-india-employers-seek-to-boost-tech-talent-to-drive-ai-and-digital-technology-growth/,2025-04-17,India,employer survey,Workforce training need,63 in every 100 Indian workers will require training by 2030,rising,All,
S022,WEF Future of Jobs 2025 - US economy profile,https://widgets.weforum.org/future-of-jobs-2025/pdf/USA.pdf,2025-01,US,employer survey,AI and big data; networks and cybersecurity,AI & big data 90%; networks & cybersecurity 71%; technological literacy 69% (skills on the rise),rising,All,
S023,WEF Future of Jobs 2025 - US economy profile,https://widgets.weforum.org/future-of-jobs-2025/pdf/USA.pdf,2025-01,US,employer survey,AI and information processing as transformation driver,94% of US employers; 73% plan reskilling/upskilling existing workforce,rising,All,
S024,WEF Future of Jobs 2025 - UK economy profile,https://widgets.weforum.org/future-of-jobs-2025/pdf/GBR.pdf,2025-01,Europe,employer survey,Leadership and social influence (core skill),"65% (core skills 2025, UK) after analytical thinking 80% and resilience 73%",stable,Senior,
S025,WEF Future of Jobs 2025 - UK economy profile,https://widgets.weforum.org/future-of-jobs-2025/pdf/GBR.pdf,2025-01,Europe,employer survey,Reskilling to work alongside AI,90% of UK employers plan reskilling/upskilling to work alongside AI; 74% hiring people to design AI tools,rising,All,
S026,WEF Future of Jobs 2025 - Germany economy profile,https://widgets.weforum.org/future-of-jobs-2025/pdf/DEU.pdf,2025-01,Europe,employer survey,AI and big data; curiosity and lifelong learning,AI & big data 90%; resilience 68%; curiosity & lifelong learning 67%; cybersecurity 67%,rising,All,
S027,WEF Future of Jobs 2025 - Germany economy profile,https://widgets.weforum.org/future-of-jobs-2025/pdf/DEU.pdf,2025-01,Europe,employer survey,Reskilling to work alongside AI,84% plan reskilling/upskilling existing workforce to work alongside AI; AI identified by 93% as transformation trend,rising,All,
S028,WEF Future of Jobs 2025 - France economy profile,https://widgets.weforum.org/future-of-jobs-2025/pdf/FRA.pdf,2025-01,Europe,employer survey,AI and big data,"92% (skills on the rise, France); 82% plan reskilling/upskilling for AI",rising,All,
S029,WEF Four Futures for Jobs (AI and Talent in 2030),https://www.weforum.org/stories/2026/01/four-ways-ai-impact-job-markets/,2026-01-07,Global,employer survey,AI-driven job displacement / scenario planning,Over half of executives expect AI to displace existing jobs; 24% believe AI will create new jobs; >2/3 of CSOs expect AI commercialisation to shape strategy,rising,Senior,"Four scenarios (Supercharged Progress, Age of Displacement, Co-Pilot Economy, Stalled Progress) - scenario planning content"
S030,LinkedIn Skills on the Rise 2026 (global),https://news.linkedin.com/2026/Skills-on-the-rise-2026,2026-02-24,Global,learner platform,"People skills: cross-functional collaboration, team management, mentorship, executive & stakeholder communication","Identified as global fastest-growing cluster (skill acquisition + hiring success, Dec24-Nov25 vs prior year)",rising,Senior,
S031,LinkedIn Skills on the Rise 2026 (global),https://news.linkedin.com/2026/Skills-on-the-rise-2026,2026-02-24,Global,learner platform,AI business strategy; prompt engineering; LLMs,Global AI skill cluster in 2026 list,rising,All,
S032,LinkedIn Skills on the Rise 2026 (global),https://news.linkedin.com/2026/Skills-on-the-rise-2026,2026-02-24,Global,learner platform,"Governance, risk management and compliance",Global 'Risk & Compliance' cluster in 2026 list,rising,Senior,
S033,LinkedIn Skills on the Rise 2026 (global),https://news.linkedin.com/2026/Skills-on-the-rise-2026,2026-02-24,Global,learner platform,Go-to-market strategy; business development,Global 'Business Growth' cluster in 2026 list,rising,Mid,
S034,LinkedIn Skills on the Rise 2026 - India,https://www.storyboard18.com/brand-makers/linkedins-skills-on-the-rise-2026-identifies-top-skill-stacks-reshaping-indias-workforce-90556.htm,2026-02-24,India,learner platform,"AI & automation (prompt engineering, workflow automation, LLMOps, AutoML, API integration)",#1 of five fastest-growing skill stacks in India,rising,Mid,
S035,LinkedIn Skills on the Rise 2026 - India,https://www.storyboard18.com/brand-makers/linkedins-skills-on-the-rise-2026-identifies-top-skill-stacks-reshaping-indias-workforce-90556.htm,2026-02-24,India,learner platform,Data & analytics,#2 skill stack India,rising,Mid,
S036,LinkedIn Skills on the Rise 2026 - India,https://www.storyboard18.com/brand-makers/linkedins-skills-on-the-rise-2026-identifies-top-skill-stacks-reshaping-indias-workforce-90556.htm,2026-02-24,India,learner platform,Business & growth,#4 skill stack India,rising,Mid,
S037,LinkedIn Skills on the Rise 2026 - India,https://www.storyboard18.com/brand-makers/linkedins-skills-on-the-rise-2026-identifies-top-skill-stacks-reshaping-indias-workforce-90556.htm,2026-02-24,India,learner platform,People & leadership,#5 skill stack India; 74% of Indian recruiters report difficulty finding qualified talent; 38% of Indian job seekers feel unprepared for tech change,rising,Senior,
S038,LinkedIn Skills on the Rise 2026 - UK,https://www.forbes.com/sites/alyssajaffer/2026/02/28/the-5-fastest-growing-skills-in-the-uk-according-to-linkedin/,2026-02-28,Europe,learner platform,"Data strategy & workflow optimisation (data-driven decision making, data storytelling, process automation)",#2 fastest-growing UK skill cluster,rising,Mid,
S039,LinkedIn Skills on the Rise 2026 - UK,https://www.forbes.com/sites/alyssajaffer/2026/02/28/the-5-fastest-growing-skills-in-the-uk-according-to-linkedin/,2026-02-28,Europe,learner platform,"Operations & risk resilience (GRC, cyber risk management, ethical decision making, statutory reporting)",#3 fastest-growing UK skill cluster,rising,Senior,
S040,LinkedIn Skills on the Rise 2026 - UK,https://www.forbes.com/sites/alyssajaffer/2026/02/28/the-5-fastest-growing-skills-in-the-uk-according-to-linkedin/,2026-02-28,Europe,learner platform,"Leadership, culture & communication (cross-functional collaboration, DEIB, cross-cultural communication)",#4 fastest-growing UK skill cluster,rising,Senior,
S041,LinkedIn Skills on the Rise 2026 - UK,https://www.forbes.com/sites/alyssajaffer/2026/02/28/the-5-fastest-growing-skills-in-the-uk-according-to-linkedin/,2026-02-28,Europe,learner platform,"Commercial intelligence (strategic planning, technology roadmapping, revenue growth strategy)",#5 fastest-growing UK skill cluster,rising,Senior,
S042,LinkedIn Skills on the Rise 2026 - US,https://www.interviewquery.com/p/linkedin-ai-engineering-fastest-growing-skills-2026,2026-02-24,US,learner platform,AI engineering & implementation; prompt engineering; model tuning,#1 US cluster; source notes AI technical skills surging ahead of 'AI business strategy',rising,Mid,Contradiction flag: technical AI > AI strategy in US list
S043,LinkedIn Skills on the Rise 2026 (secondary summary),https://www.edtechinnovationhub.com/news/linkedins-2026-skills-on-the-rise-shows-global-ai-driving-hiring-shifts,2026-02,US,learner platform,Stakeholder management; strategic business transformation,Canada list emphasises stakeholder management; Singapore 'Strategic Business and Transformation',rising,Senior,Non-core geography; directional
S044,LinkedIn Skills on the Rise 2025,https://www.fastcompany.com/91302047/linkedin-fastest-growing-skills-2025-ai-literacy-conflict-mitigation,2025-03-20,US,learner platform,AI literacy,#1 of 15 fastest-growing skills 2025,rising,All,
S045,LinkedIn Skills on the Rise 2025,https://www.fastcompany.com/91302047/linkedin-fastest-growing-skills-2025-ai-literacy-conflict-mitigation,2025-03-20,US,learner platform,Conflict mitigation; adaptability,#2 and #3 of 15,rising,Mid,
S046,LinkedIn Skills on the Rise 2025,https://www.fastcompany.com/91302047/linkedin-fastest-growing-skills-2025-ai-literacy-conflict-mitigation,2025-03-20,US,learner platform,Process optimisation; innovative thinking,#4 and #5 of 15,rising,Mid,
S047,LinkedIn Skills on the Rise 2025,https://www.fastcompany.com/91302047/linkedin-fastest-growing-skills-2025-ai-literacy-conflict-mitigation,2025-03-20,US,learner platform,Stakeholder management; budget & resource management,#9 and #11 of 15,rising,Senior,
S048,LinkedIn Skills on the Rise 2025,https://www.fastcompany.com/91302047/linkedin-fastest-growing-skills-2025-ai-literacy-conflict-mitigation,2025-03-20,US,learner platform,Go-to-market strategy; growth strategy,#12 and #14 of 15,rising,Senior,
S049,LinkedIn Skills on the Rise 2025,https://www.fastcompany.com/91302047/linkedin-fastest-growing-skills-2025-ai-literacy-conflict-mitigation,2025-03-20,US,learner platform,Regulatory compliance; risk assessment,#13 and #15 of 15,rising,Senior,
S050,LinkedIn Workplace Learning Report 2025,https://learning.linkedin.com/content/dam/me/learning/en-us/images/lls-workplace-learning-report/2025/full-page/pdfs/LinkedIn-Workplace-Learning-Report-2025.pdf,2025-02-25,Global,buyer survey,Leadership training (as career development practice),71% of organisations use leadership training - #1 career development practice,stable,Senior,
S051,LinkedIn Workplace Learning Report 2025,https://learning.linkedin.com/content/dam/me/learning/en-us/images/lls-workplace-learning-report/2025/full-page/pdfs/LinkedIn-Workplace-Learning-Report-2025.pdf,2025-02-25,Global,buyer survey,Skills to execute business strategy,49% of L&D pros: executives concerned employees lack skills to execute strategy,rising,All,
S052,LinkedIn Workplace Learning Report 2025,https://learning.linkedin.com/content/dam/me/learning/en-us/images/lls-workplace-learning-report/2025/full-page/pdfs/LinkedIn-Workplace-Learning-Report-2025.pdf,2025-02-25,Global,buyer survey,Business strategy; strategic planning; operations management,"Top skills lost to attrition: business strategy, strategic planning, sales mgmt, project planning, operations mgmt",rising,Senior,Interpretation: strategy skills are scarce/leaking - exec ed opportunity
S053,LinkedIn Workplace Learning Report 2025,https://learning.linkedin.com/content/dam/me/learning/en-us/images/lls-workplace-learning-report/2025/full-page/pdfs/LinkedIn-Workplace-Learning-Report-2025.pdf,2025-02-25,Global,buyer survey,Manager as coach / career conversations,Only 15% of employees say manager helped build a career plan in past 6 months (-5pp vs 2024),declining,Mid,Declining manager behaviour = training need
S054,LinkedIn Workplace Learning Report 2025,https://learning.linkedin.com/content/dam/me/learning/en-us/images/lls-workplace-learning-report/2025/full-page/pdfs/LinkedIn-Workplace-Learning-Report-2025.pdf,2025-02-25,Global,buyer survey,Human (soft) skills,91% of L&D pros say human skills increasingly important; 71% of L&D pros exploring/integrating AI,rising,All,
S055,LinkedIn Economic Graph Labor Market Report,https://delivery-p143253-e1476319.adobeaemcloud.com/adobe/assets/urn:aaid:aem:cef0613f-8120-4328-a651-eea88832fcf0/original/as/linkedIn-labor-market-report-building-a-future-of-work-that-works-jan-2026.pdf,2026-01,US,job postings,AI literacy (in job requirements),Jobs requiring AI literacy grew 70% year-over-year (US),rising,All,
S056,LinkedIn Economic Graph Labor Market Report,https://delivery-p143253-e1476319.adobeaemcloud.com/adobe/assets/urn:aaid:aem:cef0613f-8120-4328-a651-eea88832fcf0/original/as/linkedIn-labor-market-report-building-a-future-of-work-that-works-jan-2026.pdf,2026-01,Global,job postings,AI talent pipeline via skills-based hiring,Companies can grow AI talent pipeline 8.2x globally by focusing on skills over degrees; India hiring +40% vs pre-pandemic; US -23%; UK -25%,rising,Senior,"Hiring context: India market growing, US/UK contracting"
S057,LinkedIn/WEF - AI added 1.3m jobs,https://www.weforum.org/stories/jobs-and-the-future-of-work/ai-has-already-added-1-3-million-new-jobs-according-to-linkedin-data/,2026-01-15,Global,job postings,Head of AI / Director of AI roles,"AI created 1.3 million new roles over two years incl. Head of AI, Directors of AI, AI engineers, forward-deployed engineers",rising,Senior,
S058,LinkedIn Jobs on the Rise 2026 - US,https://www.hrfuture.net/employee-lifecycle/recruitment-hiring/linkedin-reveals-25-fastest-growing-jobs-for-2026/,2026-01-08,US,job postings,AI consultants & strategists,#2 fastest-growing US job (after AI engineers),rising,Senior,
S059,LinkedIn Jobs on the Rise 2026 - US,https://www.hrfuture.net/employee-lifecycle/recruitment-hiring/linkedin-reveals-25-fastest-growing-jobs-for-2026/,2026-01-08,US,job postings,Strategic advisors & independent consultants; founders; venture partners,"#7, #9, #12 fastest-growing US jobs",rising,Senior,Interpretation: portfolio/independent senior careers - entrepreneurship & advisory content
S060,LinkedIn Jobs on the Rise 2026 - India,https://news.careers360.com/ai-reshapes-hiring-84-indian-professionals-feel-unprepared-in-2026-top-hiring-job-roles-linkedin-survey,2026-01-08,India,job postings,Prompt engineer; AI engineer,"Top of India list; also growth in consulting, cybersecurity, advisory, renewable energy",rising,Mid,
S061,LinkedIn Global Green Skills Report 2025,https://www.esgtoday.com/hiring-rate-for-workers-with-green-skills-dramatically-outpaces-broader-market-as-demand-outpaces-supply-linkedin-survey/,2025-12-08,Global,job postings,Green / sustainability skills,Green hiring +7.7% vs green skills supply +4.3% (2024-25); green-skilled workers 46.6% higher hiring rate; 53% of green-skilled hires in non-green titles,rising,All,Demand > supply
S062,LinkedIn Global Green Skills Report 2025,https://www.esgtoday.com/hiring-rate-for-workers-with-green-skills-dramatically-outpaces-broader-market-as-demand-outpaces-supply-linkedin-survey/,2025-12-08,Europe,job postings,"Green skills hiring (UK, Germany, France)","Green hiring growth 2024-25: US 8.9%, UK 7.8%, Germany 5.4%, France 4.9%",rising,All,
S063,Stanford AI Index 2024 (LinkedIn data) via IndiaAI,https://indiaai.gov.in/news/india-tops-global-ai-skill-penetration-and-talent-concentration-rates,2024,India,job postings,AI skill penetration,"India AI skill penetration 2.8 (highest with US, Germany); India AI talent concentration growth 263% (2016-2023)",rising,All,Older data; context
S064,Lightcast - Beyond the Buzz,https://lightcast.io/resources/blog/beyond-the-buzz-press-release-2025-07-23,2025-07-23,US,job postings,AI skills (salary premium),"Jobs requiring AI skills pay 28% more (~$18,000/yr); 51% of postings requiring AI skills are outside IT/CS",rising,All,
S065,Lightcast - Beyond the Buzz,https://lightcast.io/resources/blog/beyond-the-buzz-press-release-2025-07-23,2025-07-23,US,job postings,Generative AI in non-tech roles,800% growth in GenAI roles across non-tech industries since 2022,rising,All,
S066,Lightcast - Skills change US,https://lightcast.io/resources/blog/skills-change-us-press-release,2025-01-22,US,job postings,Generative AI (in postings),"GenAI job postings up 15,625% over three years; 32% of skills for average job different in 2024 vs 2021",rising,All,
S067,Lightcast - Skills change US,https://lightcast.io/resources/blog/skills-change-us-press-release,2025-01-22,US,job postings,Green technology / sustainability; cybersecurity,Named as the other two primary drivers of skills change alongside GenAI,rising,All,
S068,Lightcast Global AI Skills Outlook,https://siteselection.com/lightcast-global-ai-skills-outlook-workers-on-the-move/,2024-08,US,job postings,AI skills for general & operations managers,"General and Operations Manager with AI skills: $73,258 more (US, 2023)",rising,Senior,Direct manager-level AI premium; 2023 data
S069,Lightcast - GenAI job market 2025,https://lightcast.io/resources/blog/the-generative-ai-job-market-2025-data-insights,2025-08-07,US,job postings,"GenAI skills in non-IT roles incl. product managers, enterprise architects","GenAI postings from 55 (Jan 2021) to nearly 10,000 (May 2025); GenAI skills in non-IT roles up 9x 2022-24; MBAs/PMP listed as complementary",rising,Mid,
S070,Burning Glass Institute - No Country for Young Grads,https://www.burningglassinstitute.org/research/no-country-for-young-grads,2025,US,job postings,Entry-level task automation (expertise upheaval),AI-powered 'Expertise Upheaval' eliminating many junior tasks; young grads' prospects deteriorating while rest of economy robust,declining,Unknown,Interpretation: shifts burden of developing juniors to managers; talent pipeline redesign topic
S071,Naukri JobSpeak Mar 2026,https://www.naukri.com/blog/naukri-jobspeak-march-26-records-a-9-rise-in-white-collar-hiring-as-fy26-closes-at-8-the-strongest-job-growth-in-three-years/,2026-04-07,India,job postings,AI/ML roles (incl. premium 50+ LPA),AI/ML +45% for FY26; premium 50+ LPA AI roles +55%; overall white-collar +8% FY26,rising,Senior,
S072,Naukri JobSpeak Feb 2026,https://www.naukri.com/blog/naukri-jobspeak-it-hiring-shows-meaningful-recovery-and-ai-momentum-continues-white-collar-market-posts-12-yoy-growth-in-february-2026/,2026-03-03,India,job postings,AI/ML hiring at Indian MNCs vs foreign MNCs,AI/ML +49% YoY; Indian MNCs +82% vs foreign +43%; insurance 13-16 yr band +50%,rising,Senior,
S073,Naukri JobSpeak May 2026,https://www.naukri.com/blog/naukri-jobspeak-may-2026-white-collar-hiring-remains-stable-in-may-ai-ml-roles-and-insurance-sector-continue-to-lead/,2026-06-05,India,job postings,Senior AI/ML talent,AI/ML +22% YoY; 13-16 yrs exp +32%; 16+ yrs +28%; AI/ML roles above Rs30 LPA +27%,rising,Senior,
S074,Naukri JobSpeak May 2026,https://www.naukri.com/blog/naukri-jobspeak-may-2026-white-collar-hiring-remains-stable-in-may-ai-ml-roles-and-insurance-sector-continue-to-lead/,2026-06-05,India,job postings,GCC hiring (metros),"GCC +8% across leading metros (Chennai +25%, Hyderabad +20%, Pune +16%); Banking -15%",rising,All,
S075,Naukri JobSpeak Jun 2026,https://www.naukri.com/blog/naukri-jobspeak-white-collar-hiring-grows-6-in-june-2026-ai-ml-and-fresher-hiring-lead-the-charge/,2026-07-03,India,job postings,Healthcare & life sciences; manufacturing hiring,Healthcare & LS +22%; manufacturing/production +14%; insurance +16%; banking -12%; GCC national -1%,rising,All,Sector signal for healthcare/manufacturing mgmt programmes
S076,Naukri JobSpeak Jun 2026,https://www.naukri.com/blog/naukri-jobspeak-white-collar-hiring-grows-6-in-june-2026-ai-ml-and-fresher-hiring-lead-the-charge/,2026-07-03,India,job postings,"Senior hiring (13-16 yrs, 16+ yrs)",13-16 yrs +12% YoY; 16+ yrs +9% YoY,rising,Senior,
S077,Naukri JobSpeak Jul 2026,https://www.angelone.in/news/stocks/info-edge-s-naukri-jobspeak-report-white-collar-hiring-up-5-in-july-2026-ai-ml-roles-lead-growth,2026-08-05,India,job postings,AI/ML roles,AI/ML fastest-growing +33% YoY; overall +5%; 13-15 yrs +8%,rising,Senior,
S078,foundit Insights Tracker Aug 2026,https://www.foundit.in/career-advice/foundit-insights-tracker-august-2026/,2026-09-04,India,job postings,Senior hiring (15+ yrs),Overall -10% YoY; 15+ years -11% YoY; BFSI -3%; manufacturing -3%; healthcare & pharma +16%,declining,Senior,Contradicts Naukri senior growth
S079,Zinnov-nasscom India GCC Landscape FY2026,https://zinnov.com/centers-of-excellence/zinnov-nasscom-india-gcc-landscape-2026-report/,2026,India,employer survey,GCC leadership (scale of GCC ecosystem),"2,117 GCCs, 2.36Mn talent, $98.4Bn revenue; 5% at 'Transformation Hub' tier; 583 mid-market GCCs",rising,Senior,Interpretation: maturity climb from Satellite (43%) to Hub drives demand for GCC leadership capability
S080,Business Today - GCC senior returnees,https://www.businesstoday.in/technology/news/story/indias-gcc-boom-brings-senior-indian-executives-back-from-the-us-543320-2026-07-17,2026-07-17,India,job postings,Head of GCC / senior GCC leadership,"~7,000 mid/senior professionals joined top 125 GCCs; senior (10+ yr) returnees from US rose from 350 (2023) to 2,400 (2025); >2,000 GCCs projected 3,000 by 2030",rising,Senior,
S081,The Scalers - GCC Week India 2025,https://thescalers.com/future-of-gcc-in-india/,2025-09-17,India,expert/HBR,GCC global mandates (end-to-end ownership),"Tesco: 80% of global finance run from Bangalore; projection of 2,400 GCCs / 4 million people / $130B by 2030",rising,Senior,"Projection differs from BT (3,000 by 2030)"
S082,Quess Corp - GenAI skills gap,https://www.business-standard.com/amp/technology/artificial-intelligence/india-s-genai-boom-hits-talent-wall-with-83-skills-gap-quess-corp-126061701258_1.html,2026-06-17,India,job postings,AI governance,AI governance shortage 70%; GenAI 82.9%; AI deployment engineering 72.4%; AI security 67%,rising,Senior,
S083,Quess Corp - GenAI skills gap,https://www.business-standard.com/amp/technology/artificial-intelligence/india-s-genai-boom-hits-talent-wall-with-83-skills-gap-quess-corp-126061701258_1.html,2026-06-17,India,job postings,Decision intelligence,Decision intelligence shortage 17%; ~50% of AI demand at 3-5 yrs exp; 2.3M AI-embedded roles by 2030,rising,Mid,
S084,Quess Corp BFSI GCC Talent Report 2025,https://www.peoplematters.in/article/leadership/indias-bfsi-sector-has-a-42percent-ai-skills-gap-so-who-is-actually-ready-for-the-jobs-being-created-49467,2026-04-29,India,job postings,AI & data in BFSI; compliance-tech & cybersecurity,BFSI AI/data skill gap 38-42%; cybersecurity/compliance-tech salary premiums 1.5x-4x; GCC hiring +12-14% QoQ FY26,rising,Mid,
S085,TeamLease Digital - Retail GCC AI,https://www.newkerala.com/news/a/ai-penetration-doubles-indias-retail-gccs-senior-talent-361.htm,2026-07-08,India,job postings,Senior AI leadership with domain expertise,Only 320 professionals with 8+ yrs AI experience across 180 retail GCCs; AI penetration 4.8% (2025) to 7.2% (2026f); 15+ yr senior AI talent > Rs1.2 crore,rising,Senior,
S086,India Skills Report 2026,https://news.careers360.com/india-skills-report-2026-employability-56-35-pc-ai-tools-digital-gig-economy-workforce-global-talent-hub,2025-11-11,India,employer survey,GenAI tool use at work,">90% of Indian employees have begun working with GenAI tools; in-demand: AI, data analytics, cloud, cybersecurity; sectors: tech, BFSI, manufacturing, renewables, healthcare",rising,All,
S087,PwC 29th CEO Survey - India,https://www.pwc.in/publications/ceo-survey/ceo-survey-2026.html,2026-01-20,India,employer survey,Keeping pace with technology/AI (CEO concern),66% of India CEOs vs 42% globally more concerned about keeping pace with tech & AI; 57% competing in new sectors,rising,Senior,n~50 India CEOs - small sample
S088,PwC 29th CEO Survey - India,https://www.pwc.in/publications/ceo-survey/ceo-survey-2026.html,2026-01-20,India,employer survey,Innovation management,50% of India CEOs have no defined innovation division; 43% lack external innovation partnerships,rising,Senior,
S089,BCG AI at Work 2025 - India,https://www.tribuneindia.com/news/business/india-leads-with-92-employees-embracing-genai-tools-against-global-average-of-72/amp,2025-06-26,India,employer survey,AI adoption & training (India),92% of Indian employees regularly use GenAI (vs 72% global); 17% report AI agent integration; 48% fear displacement; one-third feel adequately trained,rising,All,
S090,EU AI Act Article 4,https://artificialintelligenceact.eu/article/4/,2025-02-02,Europe,policy/regulation,AI literacy of staff (providers & deployers),Article 4 applicable from 2 February 2025: providers/deployers 'shall take measures to support the development of AI literacy of their staff',rising,All,"Applies to any org deploying AI in EU, incl. Indian/US firms with EU ops"
S091,Digital Omnibus amendment to Article 4,https://casys.ai/blog/digital-omnibus-article-4-what-changed,2026-07-27,Europe,policy/regulation,AI literacy - context/role-specific measures,Regulation (EU) 2026/1744 removed 'sufficient'; duty remains; high-risk oversight timelines moved to 2 Dec 2027 (Annex III) / 2 Aug 2028 (Annex I),stable,All,Secondary source; softens but does not remove obligation
S092,Cedefop Skills Forecast 2035,https://www.cedefop.europa.eu/en/news/cedefop-skills-forecast-2035-twin-transition-and-demographic-challenge-drive-demand-high-level,2025-03-13,Europe,policy/regulation,"High-level skills: ICT, business & administration professionals, green expertise","EU employment growth marginal 0.4%/yr to 2035; growth in ICT, science/engineering, health, business & administration professionals",rising,Mid,No manager-specific figure available
S093,EU Omnibus CSRD simplification,https://financialregulations.eu/blog/eu-omnibus-csrd-simplification-2026,2026-03-19,Europe,policy/regulation,CSRD sustainability reporting,"Scope now >1,000 employees AND >EUR450M turnover; ~80% of previously in-scope companies exempt; data points 1,073 to ~320; first reporting FY2027",declining,Senior,Reduces breadth of compliance-driven ESG training demand
S094,PwC Global Sustainability Reporting Survey 2025,https://www.pwc.com/gx/en/issues/esg/global-sustainability-reporting-survey.html,2025-09-25,Global,employer survey,Sustainability reporting & data,~40% planning CSRD reporting will postpone; >60% say senior leadership time on sustainability reporting increased; >2/3 of reporters gained value,stable,Senior,
S095,EY European FS Board Sustainability,https://www.ey.com/en_it/newsroom/2025/09/european-financial-services-firms-increase-sustainability-focused-board-appointments-amid-ongoing-esg-policy-debate,2025-09-22,Europe,employer survey,Sustainability expertise on boards,93% of European FS boards have a director with sustainability expertise (82% Jun 2024); 33% of appointments brought sustainability expertise (vs 23%),rising,Senior,
S096,Coqual & Catalyst - AI leadership gap,https://www.eenewseurope.com/en/new-report-ai-leadership-gap-threatens-european-competitiveness/,2026-02-25,Europe,employer survey,"AI leadership readiness (UK, France, Germany)","63% of leaders in UK/FR/DE unprepared to lead in AI-enabled world; self-rated AI-skilled leaders: UK 49%, France 23%, Germany 17%",rising,Senior,
S097,Gartner HR Priorities 2025,https://www.gartner.com/en/newsroom/press-releases/2024-10-15-gartner-survey-finds-leader-and-manager-development-tops-hrleaders-list,2024-10-15,Global,buyer survey,Leader and manager development,#1 HR priority for 2025 (third consecutive year); 75% of HR leaders say managers overwhelmed; 69% say leaders not equipped to lead change,rising,Senior,
S098,Gartner HR Priorities 2025,https://www.gartner.com/en/newsroom/press-releases/2024-10-15-gartner-survey-finds-leader-and-manager-development-tops-hrleaders-list,2024-10-15,Global,buyer survey,Change management,#4 HR priority 2025; strategic workforce planning #3,rising,Senior,Seminars/lectures found to have negative effect on development
S099,Gartner CHRO Priorities 2026,https://www.gartner.com/en/newsroom/press-releases/2025-10-02-gartner-says-chros-top-priorities-for-2026-center-around-realizing-ai-value-and-driving-performance-amid-uncertainty,2025-10-02,Global,buyer survey,Mobilising leaders for growth in uncertainty (routinising change),One of four 2026 CHRO priorities; only 32% of leaders report healthy change adoption,rising,Senior,
S100,Gartner CHRO Priorities 2026,https://www.gartner.com/en/newsroom/press-releases/2025-10-02-gartner-says-chros-top-priorities-for-2026-center-around-realizing-ai-value-and-driving-performance-amid-uncertainty,2025-10-02,Global,buyer survey,Work design in the human-machine era,CHRO priority 'Shape work in the human-machine era',rising,Senior,
S101,Gartner CHRO Priorities 2026,https://www.gartner.com/en/newsroom/press-releases/2025-10-02-gartner-says-chros-top-priorities-for-2026-center-around-realizing-ai-value-and-driving-performance-amid-uncertainty,2025-10-02,Global,buyer survey,Culture and performance,47% of CHROs say culture drives performance today (n=222),rising,Senior,
S102,Gartner Top Predictions 2025,https://www.gartner.com/en/newsroom/press-releases/2024-10-22-gartner-unveils-top-predictions-for-it-organizations-and-users-in-2025-and-beyond,2024-10-22,Global,expert/HBR,Organisational flattening / middle management redesign,"Through 2026, 20% of organisations will use AI to flatten structure, eliminating >half of current middle management positions",declining,Mid,"Prediction, not observed data"
S103,Gartner Top Predictions 2025,https://www.gartner.com/en/newsroom/press-releases/2024-10-22-gartner-unveils-top-predictions-for-it-organizations-and-users-in-2025-and-beyond,2024-10-22,Global,expert/HBR,Board AI-assisted decision oversight,"By 2029, 10% of global boards will use AI guidance to challenge executive decisions",rising,Senior,Prediction
S104,Deloitte Human Capital Trends 2025,https://www.deloitte.com/us/en/about/press-room/deloitte-report-aims-to-help-leaders-navigate-complex-workplace-tensions.html,2025-03-24,Global,employer survey,Reinventing the manager role,"73% recognise importance of reinventing manager role; 7% making great progress; managers spend ~40% of time on admin/firefighting, 13% developing people; 36% of managers insufficiently prepared",rising,Mid,"~10,000 respondents, 93 countries"
S105,Deloitte Human Capital Trends 2025,https://www.deloitte.com/us/en/about/press-room/deloitte-report-aims-to-help-leaders-navigate-complex-workplace-tensions.html,2025-03-24,Global,employer survey,Human-AI collaboration design,52% see human-machine collaboration as very/critically important; only 6% say org excels at creating human-AI value; 74% prioritise human capabilities,rising,Senior,
S106,Deloitte Human Capital Trends 2026,https://www.deloitte.com/us/en/about/press-room/deloitte-report-winning-organizations-will-build-the-human-advantage.html,2026-03-04,Global,employer survey,Organisational/workforce adaptability,85% say building adaptability critical; 7% succeeding; 6% progress designing human-AI interactions,rising,Senior,
S107,Deloitte Human Capital Trends 2026,https://www.deloitte.com/us/en/about/press-room/deloitte-report-winning-organizations-will-build-the-human-advantage.html,2026-03-04,Global,employer survey,AI in executive decision-making & AI management,60% of executives use AI in decision-making; 5% report managing AI well; 65% say culture needs significant change due to AI,rising,Senior,
S108,McKinsey State of AI 2025,https://www.mckinsey.com/~/media/mckinsey/business%20functions/quantumblack/our%20insights/the%20state%20of%20ai/november%202025/the-state-of-ai-2025-agents-innovation_cmyk-v1.pdf,2025-11,Global,employer survey,Agentic AI adoption & scaling,62% at least experimenting with AI agents; 23% scaling an agentic system; 88% regular AI use in >=1 function,rising,Senior,
S109,McKinsey State of AI 2025,https://www.mckinsey.com/~/media/mckinsey/business%20functions/quantumblack/our%20insights/the%20state%20of%20ai/november%202025/the-state-of-ai-2025-agents-innovation_cmyk-v1.pdf,2025-11,Global,employer survey,Workflow redesign & senior leadership ownership of AI,~6% high performers; high performers 3x more likely to say senior leaders show ownership; most redesigning workflows; 32% expect workforce decreases,rising,Senior,
S110,McKinsey State of AI 2026,https://www.mckinsey.com/capabilities/quantumblack/our-insights/the-state-of-ai,2026-08-25,Global,employer survey,Scaling AI agents (large enterprises),40% of large enterprises scaling AI agents (up from 27%); 44% scaling AI across enterprise; 39% expect AI-related headcount decrease; only 14% saw actual AI-driven reductions,rising,Senior,Reported by fetch of current McKinsey page; confirm against PDF
S111,BCG AI at Work 2025,https://www.bcg.com/press/26june2025-beyond-ai-adoption-full-potential,2025-06-26,Global,employer survey,Leader support for AI adoption,Only 25% of frontline workers report sufficient leader guidance; 36% feel adequately trained; 5+ hrs training drives regular use,rising,Mid,
S112,BCG AI at Work 2025,https://www.bcg.com/press/26june2025-beyond-ai-adoption-full-potential,2025-06-26,Global,employer survey,AI agents literacy,75% believe agents vital; 13% integrated; ~33% understand how agents work,rising,All,
S113,Microsoft Work Trend Index 2025,https://blogs.microsoft.com/blog/2025/04/23/the-2025-annual-work-trend-index-the-frontier-firm-is-born/,2025-04-23,Global,employer survey,Managing digital labour / agent boss,82% of leaders expect to use digital labour in 12-18 months; 36% expect teams to manage agents within 5 yrs; 41% expect teams training agents; 78% considering new AI roles,rising,Senior,
S114,Microsoft Work Trend Index 2026,https://www.microsoft.com/en-us/worklab/work-trend-index/agents-human-agency-and-the-opportunity-for-every-organization,2026-05-05,Global,employer survey,Leadership alignment on AI strategy,Only 26% say leadership clearly aligned on AI strategy; organisational factors >2x individual effort in AI impact; managers modelling AI = +17pt AI value,rising,Senior,"20,000 workers, 10 countries"
S115,DDI Global Leadership Forecast 2025,https://www.ddi.com/blog/leadership-trends-2026,2025-11-21,Global,employer survey,Leader bench strength & delegation,77% of CHROs lack confidence in bench strength; 71% of leaders under increased stress; only 19% of managers strong at delegation; frontline leaders 3x more concerned about AI than execs,rising,Senior,
S116,PwC 29th Global CEO Survey,https://www.pwc.com/gx/en/news-room/press-releases/2026/pwc-2026-global-ceo-survey.html,2026-01-19,Global,employer survey,AI value realisation / AI foundations,56% of CEOs report no significant financial benefit from AI; 12% cost+revenue benefit; strong AI foundations 3x more likely to report returns,rising,Senior,"n=4,454"
S117,PwC 29th Global CEO Survey,https://www.pwc.com/gx/en/news-room/press-releases/2026/pwc-2026-global-ceo-survey.html,2026-01-19,Global,employer survey,Business model reinvention / cross-sector competition,42% began competing in new sectors in past 5 yrs; CEOs spend 16% of time on >5-yr decisions,rising,Senior,
S118,IBM IBV - Chief AI Officer,https://www.ibm.com/think/news/rise-chief-ai-officer,2026-05,Global,employer survey,Chief AI Officer role,"76% of surveyed organisations have a CAIO in 2026, up from 26% in 2025; CAIO firms 5% higher AI ROI",rising,Senior,Survey sample not disclosed in article
S119,Weinreb Group CSO Report 2026,https://www.esgdive.com/news/cso-numbers-dipping-as-regulatory-geopolitical-volatility-ramp-up-weinreb/826379/,2026-07-28,US,job postings,Chief Sustainability Officer role,US public-company CSOs fell 10% (216 to 193); new CSO appointments 24% vs 62% historically,declining,Senior,"Report calls it 'a single data point, not a trend'"
S120,CIO.com - CIO hiring 2026,https://www.cio.com/article/4123894/cio-hiring-to-heat-up-in-2026-especially-for-strategic-ai-leaders.html,2026-02-03,US,expert/HBR,Strategic AI leadership (CIO as AI transformation leader),Qualitative: demand for 'transformative CIOs' moving AI from experimentation to production,rising,Senior,No volume figures
S121,IAPP AI Governance Profession Report 2025,https://iapp.org/resources/article/at-a-glance-ai-governance-profession-report-2025,2025-05-21,Global,employer survey,AI governance function,77% of organisations already working on AI governance,rising,Senior,
S122,HBR Analytic Services - agentic AI survey,https://fortune.com/2025/12/09/harvard-business-review-survey-only-6-percent-companies-trust-ai-agents/,2025-12-09,Global,employer survey,Agentic AI risk & governance controls,6% fully trust agents for core processes; 12% say risk/governance controls fully in place; 9% fully deployed,rising,Senior,n=603; sponsored by Workato/AWS
S123,EY Center for Board Matters (Harvard CorpGov),https://corpgov.law.harvard.edu/2026/02/19/how-boards-can-lead-in-a-world-remade-by-ai/,2026-02-19,US,expert/HBR,Board AI education,Only 12% of Fortune 100 disclosed board AI education/training (Jan-Nov 2025),rising,Senior,Low base = gap
S124,KPMG Board Leadership - 2026 board agenda,https://kpmg.com/kpmg-us/content/dam/kpmg/boardleadership/pdf/2026/on-the-2026-board-agenda.pdf,2026,US,expert/HBR,"AI governance, data governance, cybersecurity governance, scenario planning","Seven board priorities incl. AI governance, data governance, cyber, sustainability, scenario planning/resilience",rising,Senior,No figures
S125,Coursera Global Skills Report 2025,https://blog.coursera.org/presenting-courseras-2025-global-skills-report-the-skills-trends-shaping-the-future-of-education-and-employment,2025-06,Global,learner platform,Generative AI,"GenAI enrolments +195% YoY, >8 million total; 12 enrolments/minute",rising,All,
S126,Coursera Global Skills Report 2025 - India,https://www.businesstoday.in/technology/news/story/india-leads-in-genai-enrollment-but-faces-skill-gaps-finds-new-coursera-study-488905-2025-08-11,2025-08-11,India,learner platform,Generative AI (India),"India >2.6 million GenAI enrolments, +107% YoY; India business proficiency 18%",rising,All,
S127,Coursera Job Skills Report 2025,https://blog.coursera.org/genai-cybersecurity-and-data-ethics-the-worlds-fastest-growing-job-skills-for-2025,2025,Global,learner platform,GenAI; cybersecurity & risk management; data ethics,GenAI enterprise enrolments +866% YoY; data ethics among fastest-growing,rising,All,
S128,Coursera 2025 Year in Review,https://blog.coursera.org/2026s-fastest-growing-skills-and-top-learning-trends-from-2025,2025-09-30,Global,learner platform,AI agents; human-AI collaboration; advanced prompting,Named fastest-growing skills for 2026; 5.4 million GenAI enrolments in 2025,rising,All,
S129,Udemy 2026 Global Learning & Skills Trends,https://about.udemy.com/press-releases/2026-global-learning-skills-trends-report/,2025-09-18,Global,learner platform,AI ethics and governance,AI ethics & governance consumption +98% YoY,rising,Senior,"17,000+ enterprise customers"
S130,Udemy 2026 Global Learning & Skills Trends,https://about.udemy.com/press-releases/2026-global-learning-skills-trends-report/,2025-09-18,Global,learner platform,Decision-making; critical thinking,Decision-making +38%; critical thinking +37%; adaptive skills +25%,rising,All,
S131,Udemy 2026 Global Learning & Skills Trends,https://about.udemy.com/press-releases/2026-global-learning-skills-trends-report/,2025-09-18,Global,learner platform,AI agents / agentic AI,"Top-consumed net-new AI skill; Microsoft Copilot content +3,400% YoY",rising,All,
S132,Udemy 2026 Global Learning & Skills Trends,https://about.udemy.com/press-releases/2026-global-learning-skills-trends-report/,2025-09-18,Global,learner platform,Leadership,6th most consumed business skill,stable,Senior,
S133,CarringtonCrisp FLEE (via AACSB),https://www.aacsb.edu/insights/articles/2024/06/what-does-the-future-hold-for-lifelong-learning,2024-06,Global,buyer survey,AI; cybersecurity; leadership (learner priorities),"Learner priorities: AI 45%, cybersecurity 33%, digital marketing 31%, leadership 29%, data analytics 26%",rising,All,Late-2023 fieldwork
S134,CarringtonCrisp FLEE (via AACSB),https://www.aacsb.edu/insights/articles/2024/06/what-does-the-future-hold-for-lifelong-learning,2024-06,Global,buyer survey,Customised and stackable short programmes,"Employers expect to seek customised programmes 81%, online 80%, stackable short programmes 80%; >30% could not find options in AI, cybersecurity, change management",rising,Senior,Supply gap in AI/cyber/change mgmt
S135,UNICON Directors' Conference 2026 (IMD),https://uniconexed.org/wp-content/uploads/2026/05/2026-UNICON-Directors-Conference-IMD-IEDP-Summary.pdf,2026-05-04,Europe,buyer survey,Activation/application over content; geopolitical literacy; ambidextrous leadership,Nestle CLO: 'Everything that is fact-based is no longer interesting to us. AI has taken that piece.',rising,Senior,Qualitative corporate client panel
S136,UNICON 2026 (SSE),https://exedsse.se/en/whats-next-for-executive-education-ai-and-geopolitics-at-unicon-2026/,2026-04,Europe,buyer survey,AI for business leaders; strategy & resilience under geopolitical uncertainty,AI and geopolitical shifts named the two dominant themes; SSE reports matching demand,rising,Senior,Qualitative
S137,EFMD Global CLO Roundtable 2025,https://blog.efmdglobal.org/2025/10/21/efmd-roundtable-corporate-learning/,2025-10-21,Europe,buyer survey,AI literacy tiers (basic to expert); content contextualisation,CLOs: enable segments to apply AI 'spanning basic literacy to expert'; content commoditised by GenAI so evaluation/contextualisation matters more,rising,All,UBS 700+ AI champions case
S138,Emeritus Exec Ed Trends 2026,https://emeritus.org/blog/emeritus-executive-education-trends/,2026-05-07,India,learner platform,Executive education market (India growth),Global exec ed market $9.8B (2025) to $28.3B (2035); India 14.8% CAGR,rising,Senior,Vendor-cited third-party market estimate; treat cautiously
S139,HBR - How AI is redefining managerial roles,https://hbr.org/2025/07/how-ai-is-redefining-managerial-roles,2025-07-01,Global,expert/HBR,AI-enabled flattening; choosing which managerial tasks to automate,"HBS study: AI can eliminate certain managerial coordination duties, flattening hierarchies",rising,Mid,
S140,HBR - Future of middle management,https://hbr.org/2025/04/whats-the-future-of-middle-management,2025-04-29,US,expert/HBR,Middle management role (bridge in transformation),Middle managers 13% of US labour force in 2022 vs 9.2% in 1983; fewer may be needed but role endures,stable,Mid,Contradicts Gartner flattening prediction
S141,HBR - Companies need agent managers,https://hbr.org/2026/02/to-thrive-in-the-ai-era-companies-need-agent-managers,2026-02-12,Global,expert/HBR,Agent management (orchestrating AI agents; observability; performance mgmt of agents),New 'agent manager' role likened to product manager emergence (Salesforce Agentforce case),rising,Mid,
S142,HBR - Why you shouldn't treat AI agents like employees,https://hbr.org/2026/05/research-why-you-shouldnt-treat-ai-agents-like-employees,2026-05-06,Global,expert/HBR,Human accountability & oversight in human-agent workflows,"BCG experiment: anthropomorphising AI reduced accountability, raised unnecessary escalation, lowered review quality",rising,Senior,
S143,HBR - Leading the human-AI organization,https://hbr.org/2026/05/leading-the-human-ai-organization,2026-05-28,US,expert/HBR,"Leading through AI change: judgment, EQ, transparent communication, middle-manager compression","CHRO panel (AmEx, Adecco, Digital Asset) - qualitative",rising,Senior,
S144,HBR - Developing judgment in the AI era,https://hbr.org/2026/02/how-do-workers-develop-good-judgment-in-the-ai-era,2026-02-03,Global,expert/HBR,Developing judgment / leadership pipeline when AI removes junior tasks,Argues simulations and case methods needed as AI removes judgment-building work,rising,Mid,Supports case/simulation pedagogy
S145,HBR - Organizations aren't ready for agentic AI risks,https://hbr.org/2025/06/organizations-arent-ready-for-the-risks-of-agentic-ai,2025-06-13,Global,expert/HBR,Agentic AI risk management & governance,Existing AI ethics and cyber programmes require substantial upgrades for agentic systems,rising,Senior,
S146,HBR - AI transformation requires redesigning work,https://hbr.org/2026/08/ai-transformation-requires-redesigning-work-not-cutting-roles,2026-08-28,US,expert/HBR,Work redesign vs AI-driven layoffs ('AI-washing'),"Goldman Sachs: AI reduced US payroll growth by only ~16,000 jobs/month",rising,Senior,Tempers displacement narrative
S147,Google Year in Search 2025 (via SEJ),https://www.searchenginejournal.com/google-reveals-the-top-searches-of-2025/563738/,2025-12-23,Global,search,"AI tools (Gemini, DeepSeek)",Gemini topped global trending searches; DeepSeek in global top 10 and #7 US,rising,Unknown,"Tool discovery, not course/exec-ed intent; no published India vs US exec-ed trends data found"
