"topic_id","call"
"T01.S04.P03","LEAD"
"T07.S02.P01","LEAD"
"T01.S04.P01","LEAD"
"T01.S05.P03","LEAD"
"T07.S02.P03","LEAD"
"T01.S04.P05","LEAD"
"T08.S02.P03","LEAD"
"T03.S02.P05","LEAD"
"T05.S04.P04","LEAD"
"T07.S02.P04","LEAD"
"T01.S01.P05","DIVERSIFY"
"T03.S01.P02","DIVERSIFY"
"T03.S04.P06","DIVERSIFY"
"T02.S01.P05","DIVERSIFY"
"T01.S05.P01","FOLLOW"
"T03.S02.P01","FOLLOW"
"T10.S01.P01","FOLLOW"
"T14.S02.P05","FOLLOW"
"T03.S04.P01","DEFEND"
"T03.S05.P01","DEFEND"
"T02.S03.P01","DEFEND"
"T01.S04.P02","DEEPEN"
"T02.S01.P04","DEEPEN"
"T01.S02.P02","WATCH"
"T09.S02.P01","WATCH"
"T14.S02.P01","WATCH"
"T09.S01.P01","WATCH"
"T07.S02.P05","WATCH"
"T06.S01.P04","WATCH"
"T14.S02.P02","WATCH"
"T03.S03.P04","WATCH"
"T04.S01.P01","WATCH"
"T06.S02.P01","WATCH"
"T05.S04.P01","WATCH"
"T14.S01.P03","WATCH"
"T01.S02.P01","WATCH"
"T02.S05.P01","WATCH"
"T09.S02.P03","WATCH"
"T04.S03.P03","WATCH"
"T05.S01.P02","WATCH"
"T09.S01.P02","WATCH"
"T01.S02.P03","WATCH"
"T04.S01.P02","WATCH"
"T07.S01.P01","WATCH"
"T01.S01.P01","WATCH"
"T03.S04.P02","WATCH"
"T04.S02.P01","WATCH"
"T05.S03.P01","WATCH"
"T08.S02.P01","WATCH"
"T13.S01.P05","WATCH"
"T05.S01.P04","WATCH"
"T02.S01.P03","WATCH"
"T02.S01.P06","WATCH"
"T04.S02.P03","WATCH"
"T05.S01.P06","WATCH"
"T05.S02.P02","WATCH"
"T06.S01.P02","WATCH"
"T01.S03.P01","REVIEW"
"T05.S04.P03","REVIEW"
