"school_slug","name_contains","topic","note"
"isb","senior management programme","General management programmes for senior leaders","verified 2026-09-26"
"isb","accelerated general management programme","General management programmes for senior leaders","verified 2026-09-26"
"isb","chief growth & marketing officer programme","Marketing strategy for executives","verified 2026-09-26"
"isb","chief human resources officer programme","CHRO and HR leadership","verified 2026-09-26"
"isb","women's leadership programme","Women's leadership and gender in the workplace","verified 2026-09-26"
"isb","emerging leaders programme","Leading mid-level to senior transition","verified 2026-09-26"
"isb","executive programme in business management","Mini-MBA and business fundamentals for specialists","verified 2026-09-26"
"isb","executive programme in strategy and leadership","Strategy execution and implementation","verified 2026-09-26"
"isb","executive programme in fintech and ai","Fintech, digital payments and embedded finance","verified 2026-09-26"
"isb","strategic digital leadership programme","Enterprise digital transformation strategy and roadmaps","verified 2026-09-26"
"isb","ai for leaders: strategy to action","AI strategy for the enterprise","verified 2026-09-26"
"isb","public policy","Public policy design and analysis","verified 2026-09-26"
"isb","essentials of leadership","Leading mid-level to senior transition","verified 2026-09-26"
"isb","powering high-performance boards programme","Board effectiveness and director duties","verified 2026-09-26"
"isb","business storytelling and executive presence","Business storytelling and narrative","verified 2026-09-26"
"isb","mastering negotiation and influence","Negotiation for commercial outcomes","verified 2026-09-26"
"isb","building high-performance teams","Leading high-performing teams","verified 2026-09-26"
"isb","creating and scaling excellence","Growth strategy and scaling","verified 2026-09-26"
"isb","mastering executive presence","Executive presence and personal brand","verified 2026-09-26"
"isb","strategy formulation and execution","Competitive strategy and advantage","verified 2026-09-26"
"isb","project management","Project management","verified 2026-09-26"
"isb","operational excellence for leaders","Operational excellence and process improvement","verified 2026-09-26"
"isb","ai in business: fundamentals to applications","AI and machine learning fundamentals for executives","verified 2026-09-26"
"isb","digital business transformation with ai","Enterprise digital transformation strategy and roadmaps","verified 2026-09-26"
"isb","managing sales teams and distribution channels","Channel, distribution and route-to-market","verified 2026-09-26"
"isb","chief technology officer programme","Enterprise digital transformation strategy and roadmaps","verified 2026-09-26"
"isb","chief digital and ai officer programme","AI strategy for the enterprise","verified 2026-09-26"
"isb","chief financial officer programme","Corporate finance and capital allocation","verified 2026-09-26"
"isb","venture capital and private equity programme","Private equity and venture capital","verified 2026-09-26"
"isb","leadership with ai","Redesigning managerial work around AI","verified 2026-09-26"
"isb","cybersecurity for leaders","Cybersecurity strategy for leaders and boards","verified 2026-09-26"
"isb","transforming hr with analytics and ai","People analytics and HR data","verified 2026-09-26"
"isb","applied business analytics","Business analytics for decision-making","verified 2026-09-26"
"isb","digital marketing and analytics","Digital marketing and performance media","verified 2026-09-26"
"isb","product management","Product management and product marketing","verified 2026-09-26"
"isb","professional certificate in product management","Product management and product marketing","verified 2026-09-26"
"isb","professional certificate programme in digital marketing","Digital marketing and performance media","verified 2026-09-26"
"isb","certificate programme in it project management","Project management","verified 2026-09-26"
"isb","certificate programme in healthcare management","Hospital and healthcare operations management","verified 2026-09-26"
"isb","certificate programme in healthcare leadership","Healthcare strategy, payers and providers","verified 2026-09-26"
"isb","certificate programme in digital transformation","Enterprise digital transformation strategy and roadmaps","verified 2026-09-26"
"iimc","esg analytics","Sustainable finance, green bonds and climate risk in finance","multi-label leak"
"imd","orchestrating winning performance","General management programmes for senior leaders","IMD multi-label leak"
"imd","strategic forum for senior executives","CEO / top management leadership","IMD multi-label leak"
