"school_slug","sheet_name","matched_to"
"isb","Powering High-Performance Boards","Powering High-performance Boards Programme"
"isb","Leadership Essentials","Essentials of Leadership"
"isb","Leadership AI","Leadership with AI"
"isb","Venture Capital and Private Equity","Venture Capital and Private Equity Programme"
"isb","Healthcare Management","Certificate Programme in Healthcare Management"
"iima","Strategic Management (Blended Learning) - Batch 08","Strategic Management (Batch 8)"
"iima","Executive Programme in AI for Business - Batch 01","Executive Programme in AI for Business (Batch 2)"
"iimb","Tanmatra – Women in Leadership – Batch 9","Tanmatra – Women in Leadership Programme (10th Edition)"
"iimb","Executive General Management Programme (Batch 74)","Executive General Management Programme – Batch 80 (EGMP-80)"
"iimb","Leading Digital Transformation (Batch 7)","Leading Digital Transformation – Batch 8 (LDT8)"
"iimi","Young Leadership Programme","Young Leadership Programme Batch 01"
"iimi","Senior Management Programme","Senior Management Programme (SMP) Batch 05"
"iimi","Master Of Management Studies","Master Of Management Studies - Batch 02"
"iimi","Executive Programme in Business Management","Executive Programme in Business Management Batch 02"
"iimk","Strategic Digital Marketing Programme","Strategic Digital Marketing"
"iimk","Design Thinking and Innovation with AI","Professional Certificate Programme in Design Thinking and Innovation with AI"
"iimk","General Management Programme for Business Excellence","Professional Certificate Programme in General Management Programme for Business Excellence"
"iimk","Digital Transformation Programme","Professional Certificate Programme in Digital Transformation"
"iimk","Professional Certificate Programme In Entrepreneurship And New Venture Creation - Batch 06","Entrepreneurship and New Venture Creation"
"iimk","Professional Certificate Programme In Entrepreneurship And New Venture Creation","Entrepreneurship and New Venture Creation"
"iimk","Advanced Data Analytics for Managers","Professional Certificate Programme in Advanced Data Analytics for Managers"
"iimk","Healthcare Management and AI Applications","Professional Certificate Programme in Healthcare Management and AI Applications"
"iiml","Agri-input Marketing","Agri-input Marketing Strategies"
"iiml","Senior Leadership Programme Batch 9","Senior Leadership Programme (SLP) (Batch 11)"
"iiml","Chief Human Resources Officer Batch-3","Chief Human Resources Officer (CHRO) Programme (Batch 04)"
"iiml","Global Senior Leadership Programme Batch-03","Global Senior Leadership Programme (GSLP) (Batch 04)"
"iiml","Senior Management Programme Batch-01","Senior Management Programme (SMP) (Batch 01)"
"hbs","Competing in the Age of AI","Competing in the Age of AI—Virtual"
"hbs","Driving Strategic Decisions","Driving Strategic Decisions—Virtual"
"hbs","Mastering Strategy Essentials","Mastering Strategy Essentials—Virtual"
"hbs","Competing in the Age of AI","Competing in the Age of AI—Virtual"
"hec","Leadership for Executives - London","Leadership for Executives"
"lbs","Leading Digital Transformation - Online","Leading Digital Transformation"
"lbs","Leading Digital Transformation - Online","Leading Digital Transformation"
"lbs","Next-Level Leadership - Dubai","Next-Level Leadership"
"lbs","ESG Investing - Online","ESG Investing"
"lbs","Mergers and Acquisitions - Dubai","Mergers and Acquisitions"
