"school","school_slug","region","programme_name","url","school_category","format","duration_raw","duration_days","duration_weeks","fee_raw","fee_currency","fee_amount","level","partner","target_audience","key_topics","is_new_2025_26","next_start","source_note","channel","mark","last_known_start","end_date","capstone","campus_immersion","industry_visit","total_modules","alumni_status","eligibility","provenance","last_verified"
"Indian Institute of Management Bangalore","iimb","India","Certified People Leader Program – Batch 7 (CPLP7)","https://eep.iimb.ac.in/course/certified-people-leader-program-batch-7-cplp7/","Strategy and Leadership Programmes","Campus","","","","","","","Mid-career","","","","","","programme listing page fetched (view-programme-list + all-programs + category page)","","","","","","","","","","","catalogue-capture","2026-09-24"
"Indian Institute of Management Bangalore","iimb","India","Executive Presence for Impactful Leadership","https://eep.iimb.ac.in/course/executive-presence-for-impactful-leadership-batch-4/","Strategy and Leadership Programmes","Campus","3 days","3","0.6","Rs.1,06,500","INR","106500","Mid-career","","Mid-Senior","","","25 Nov 2026","programme listing page fetched (view-programme-list + all-programs + category page); 2 scheduled runs: Batch 3 (31 Aug-2 Sep 2026), Batch 4 (25-27 Nov 2026)","","","2025-07-23","2025-07-25","No","Yes","No","","No","","catalogue-capture","2026-09-24"
"Indian Institute of Management Bangalore","iimb","India","Entrepreneurial Leadership in Organizations","https://eep.iimb.ac.in/course/entrepreneurial-leadership-in-organizations-batch-3/","Entrepreneurship and Innovation","Campus","3 days","3","0.6","","","","Mid-career","","","","","01 Dec 2026","programme listing page fetched (view-programme-list + all-programs + category page); 2 scheduled runs: Batch-2 (16-18 Jun 2026), Batch-3 (1-3 Dec 2026)","","","2026-01-07","TBH","","Yes","","","No","","catalogue-capture","2026-09-24"
"Indian Institute of Management Bangalore","iimb","India","Influencing Your Stakeholders Toward Collective Growth (Batch 2)","https://eep.iimb.ac.in/course/stakeholder-influence-course-iimb/","Strategy and Leadership Programmes","Campus","3 days","3","0.6","Rs.1,06,500","INR","106500","Mid-career","","Mid-Senior","","","","programme listing page fetched (view-programme-list + all-programs + category page)","","","2026-06-17","2025-06-20","No","Yes","No","","No","","catalogue-capture","2026-09-24"
"Indian Institute of Management Bangalore","iimb","India","Analytics for Strategic Choices [Batch -3]","https://eep.iimb.ac.in/course/analytics-for-strategic-choices/","Data and Business Analytics","Campus","4 days","4","","","","","Mid-career","","","","","","programme listing page fetched (view-programme-list + all-programs + category page)","","","2026-06-22","","","","","","","","catalogue-capture","2026-09-24"
"Indian Institute of Management Bangalore","iimb","India","Storytelling for Business Managers","https://eep.iimb.ac.in/course/storytelling-for-business-managers-batch-2/","Strategy and Leadership Programmes","Campus","3 days","3","","","","","Mid-career","","","","","","programme listing page fetched (view-programme-list + all-programs + category page); 2 scheduled runs: Batch-1, Batch-2; last listed dates 2024","","","","","","","","","","","catalogue-capture","2026-09-24"
"Indian Institute of Management Bangalore","iimb","India","Workplace Conflict: An Opportunity for Growth (Batch 5)","https://eep.iimb.ac.in/course/workplace-conflict-an-opportunity-for-growth-batch-5/","Marketing and General Management","Campus","3 days","3","0.6","Rs. 1,06,500","INR","106500","Mid-career","","Mid-Senior","","","","programme listing page fetched (view-programme-list + all-programs + category page)","","","2026-09-28","2025-09-25","","Yes","No","","No","","catalogue-capture","2026-09-24"
"Indian Institute of Management Bangalore","iimb","India","Leading Businesses Through Macroeconomic Uncertainty – A practical Playbook [Batch-1]","https://eep.iimb.ac.in/course/leading-businesses-through-macroeconomic-uncertainty-a-practical-playbook/","Strategy and Leadership Programmes; Entrepreneurship and Innovation","Campus","3 days","3","","","","","C-suite/Senior","","","","","","programme listing page fetched (view-programme-list + all-programs + category page)","","","2026-08-10","","","","","","","","catalogue-capture","2026-09-24"
"Indian Institute of Management Bangalore","iimb","India","Sustainability 360: A Tool for Business Transformation [Batch-1]","https://eep.iimb.ac.in/course/sustainability-360-a-tool-for-business-transformation/","Strategy and Leadership Programmes","Campus","3 days","3","0.6","","","","C-suite/Senior","","","","","","programme listing page fetched (view-programme-list + all-programs + category page)","","","2026-07-14","TBH","","Yes","","","No","","catalogue-capture","2026-09-24"
"Indian Institute of Management Bangalore","iimb","India","Decision Making and Conflict Management in Family Firms","https://eep.iimb.ac.in/course/decision-making-and-conflict-management-in-family-firms/","Entrepreneurship and Innovation","Campus","3 Days","3","0.6","Rs.1,06,500","INR","106500","Mixed","","CXOs/Senior Leaders","","","","programme listing page fetched (view-programme-list + all-programs + category page)","","","2025-09-15","2025-09-17","","Yes","No","","No","","catalogue-capture","2026-09-24"
"Indian Institute of Management Bangalore","iimb","India","AI & Consumer Persuasion","https://eep.iimb.ac.in/course/ai-consumer-persuasion/","Marketing and General Management","Campus","3 days","3","","","","","Functional specialist","","","","","","programme listing page fetched (view-programme-list + all-programs + category page); last listed run 17-19 Sep 2025","","","","","","","","","","","catalogue-capture","2026-09-24"
"Indian Institute of Management Bangalore","iimb","India","Influencer Marketing","https://eep.iimb.ac.in/course/influencer-marketing/","Marketing and General Management","Campus","","","","","","","Functional specialist","","","","","","programme listing page fetched (view-programme-list + all-programs + category page)","","","","","","","","","","","catalogue-capture","2026-09-24"
"Indian Institute of Management Bangalore","iimb","India","Marketing Research for Startups & Managers","https://eep.iimb.ac.in/course/marketing-research-for-startups-managers/","Marketing and General Management","Campus","","","","","","","Functional specialist","","","","","","programme listing page fetched (view-programme-list + all-programs + category page)","","","","","","","","","","","catalogue-capture","2026-09-24"
"Indian Institute of Management Bangalore","iimb","India","Organizational Excellence Through Leadership","https://eep.iimb.ac.in/course/organizational-excellence-through-leadership-batch-23/","Strategy and Leadership Programmes","Campus","5 days","5","1.0","Rs.145500","INR","145500","C-suite/Senior","","CXOs/Senior Leaders","","","","programme listing page fetched (view-programme-list + all-programs + category page); 3 scheduled runs: Batch-22 (21-25 Sep 2026), Batch-23 (7-11 Dec 2026), Batch-24 (8-12 Feb 2027)","","","2026-09-21","2025-08-08","","Yes","No","","No","","catalogue-capture","2026-09-24"
"Indian Institute of Management Bangalore","iimb","India","Digital Social Media & AI Strategy: Driving Business Growth","https://eep.iimb.ac.in/course/digital-and-social-media-marketing-strategy-driving-business-growth/","Marketing and General Management","Campus","3 days","3","","","","","Functional specialist","","","","","","programme listing page fetched (view-programme-list + all-programs + category page); 2 scheduled runs (two page slugs: ...-growth and ...-growth-2)","","","2026-09-03","","","","","","","","catalogue-capture","2026-09-24"
"Indian Institute of Management Bangalore","iimb","India","Data Visualization and Storytelling Through Data","https://eep.iimb.ac.in/course/data-visualization-and-storytelling-through-data/","Data and Business Analytics","Campus","3 days","3","0.6","Rs.106500","INR","106500","Functional specialist","","Mid-Senior","","","","programme listing page fetched (view-programme-list + all-programs + category page); last listed run 26-28 Aug 2024","","","2025-08-06","2025-08-08","","Yes","No","","No","","catalogue-capture","2026-09-24"
"Indian Institute of Management Bangalore","iimb","India","Design Thinking for Leaders","https://eep.iimb.ac.in/course/design-thinking-for-leaders/","Entrepreneurship and Innovation","Campus","3 days","3","0.6","Rs.1,06,500","INR","106500","Mid-career","","CXOs/Senior Leaders","","","07 Dec 2026","programme listing page fetched (view-programme-list + all-programs + category page)","","","2025-07-28","2025-07-30","No","Yes","No","","No","","catalogue-capture","2026-09-24"
"Indian Institute of Management Bangalore","iimb","India","Finance Master Class for Business Leadership [Batch-6]","https://eep.iimb.ac.in/course/finance-master-class-for-business-leadership-batch-6/","Accounting and Finance","Campus","4 days","4","0.8","","","","C-suite/Senior","","","","","30 Nov 2026","programme listing page fetched (view-programme-list + all-programs + category page)","","","2026-02-09","TBH","","Yes","","","No","","catalogue-capture","2026-09-24"
"Indian Institute of Management Bangalore","iimb","India","From Data to Decisions","https://eep.iimb.ac.in/course/data-analytics-programme/","Data and Business Analytics","Campus","5 days","5","1.0","","","","Mid-career","","","","","07 Dec 2026","programme listing page fetched (view-programme-list + all-programs + category page)","","","2024-11-24","TBH","","Yes","","","No","","catalogue-capture","2026-09-24"
"Indian Institute of Management Bangalore","iimb","India","Product Management [Batch-2]","https://eep.iimb.ac.in/course/product-management/","Marketing and General Management","Campus","3 days","3","","","","","Functional specialist","","","","","07 Dec 2026","programme listing page fetched (view-programme-list + all-programs + category page)","","","","","","","","","","","catalogue-capture","2026-09-24"
"Indian Institute of Management Bangalore","iimb","India","Faculty Development Programme on Research and Academic Publishing ""From Idea to Impact: Publishing in Top Journals – An Editorial and Authorial Perspective""","https://eep.iimb.ac.in/course/faculty-development-programme-on-research-and-academic-publishing-from-idea-to-impact-publishing-in-top-journals-an-editorial-and-authorial-perspective/","Marketing and General Management","Campus","3 days","3","","","","","Functional specialist","","","","","","programme listing page fetched (view-programme-list + all-programs + category page); faculty/academic audience; last listed run 6-8 Nov 2025","","","","","","","","","","","catalogue-capture","2026-09-24"
"Indian Institute of Management Bangalore","iimb","India","Leadership for Net-Zero Economy","https://eep.iimb.ac.in/course/leadership-for-net-zero-economy/","Strategy and Leadership Programmes","Campus","5 days","5","1.0","","","","C-suite/Senior","","","","","","programme listing page fetched (view-programme-list + all-programs + category page)","","","2025-12-01","TBH","","Yes","","","No","","catalogue-capture","2026-09-24"
"Indian Institute of Management Bangalore","iimb","India","Building a Strong Employer Brand: Strategies for Sustainable Growth","https://eep.iimb.ac.in/course/building-a-strong-employer-brand-strategies-for-sustainable-growth/","Strategy and Leadership Programmes","Campus","3 days","3","","","","","Functional specialist","","","","","","programme listing page fetched (view-programme-list + all-programs + category page)","","","2025-12-10","","","","","","","","catalogue-capture","2026-09-24"
"Indian Institute of Management Bangalore","iimb","India","Mid-Career Transitions for Success","https://eep.iimb.ac.in/course/mid-career-professionals-building-career-strategy-for-success/","Strategy and Leadership Programmes","Campus","3 days","3","0.6","","","","Mid-career","","","","","26 Nov","programme listing page fetched (view-programme-list + all-programs + category page)","","","2025-11-26","TBH","","Yes","","","No","","catalogue-capture","2026-09-24"
"Indian Institute of Management Bangalore","iimb","India","Leadership in Extreme Environments (Batch-2)","https://eep.iimb.ac.in/course/leadership-in-extreme-environments-batch-2/","Strategy and Leadership Programmes","Campus","3 days","3","0.6","Rs.1,06,500","INR","106500","Mid-career","","Mid-Senior","","","","programme listing page fetched (view-programme-list + all-programs + category page)","","","2026-09-28","2025-10-11","","Yes","","","No","","catalogue-capture","2026-09-24"
"Indian Institute of Management Bangalore","iimb","India","Social Media Marketing","https://eep.iimb.ac.in/course/social-media-marketing/","Marketing and General Management; Entrepreneurship and Innovation","Campus","3 days","3","","","","","Functional specialist","","","","","29 Oct","programme listing page fetched (view-programme-list + all-programs + category page)","","","","","","","","","","","catalogue-capture","2026-09-24"
"Indian Institute of Management Bangalore","iimb","India","Corporate Diplomacy: Leading in a Turbulent World","https://eep.iimb.ac.in/course/corporate-diplomacy-leading-in-a-turbulent-world/","Strategy and Leadership Programmes","Campus","1 day","1","","","","","C-suite/Senior","","","","","27 Oct","programme listing page fetched (view-programme-list + all-programs + category page)","","","","","","","","","","","catalogue-capture","2026-09-24"
"Indian Institute of Management Bangalore","iimb","India","Learning From Corporate Failures","https://eep.iimb.ac.in/course/learning-from-corporate-failures-2/","Strategy and Leadership Programmes","Campus","3 Days","3","0.6","Rs.1,06,500","INR","106500","Mixed","","Senior Leaders","","","","programme listing page fetched (view-programme-list + all-programs + category page)","","","2025-10-23","2025-10-25","","Yes","","","No","","catalogue-capture","2026-09-24"
"Indian Institute of Management Bangalore","iimb","India","Strategic Leadership and Innovation in the Digital Era (Batch-4)","https://eep.iimb.ac.in/course/strategic-leadership-and-innovation-in-the-digital-era/","Strategy and Leadership Programmes","Campus","3 days","3","0.6","","","","C-suite/Senior","","","","","14 Dec 2026","programme listing page fetched (view-programme-list + all-programs + category page)","","","2025-12-08","TBH","","Yes","","","No","","catalogue-capture","2026-09-24"
"Indian Institute of Management Bangalore","iimb","India","Strategic Sourcing and Supplier Management","https://eep.iimb.ac.in/course/strategic-sourcing-supplier-management/","Technology and Operations","Campus","3 days","3","0.6","","","","Functional specialist","","","","","","programme listing page fetched (view-programme-list + all-programs + category page)","","","2025-11-12","TBH","","Yes","","","No","","catalogue-capture","2026-09-24"
"Indian Institute of Management Bangalore","iimb","India","Understanding People through the lens of Behavioral Economics","https://eep.iimb.ac.in/course/understanding-people-through-the-lens-of-behavioral-economics/","Data and Business Analytics","Campus","3 days","3","","","","","Mixed","","","","","","programme listing page fetched (view-programme-list + all-programs + category page); last listed run 14-16 Nov 2024","","","","","","","","","","","catalogue-capture","2026-09-24"
"Indian Institute of Management Bangalore","iimb","India","Strategic Perspectives on the Design of Public Private Partnerships (PPPs)","https://eep.iimb.ac.in/course/strategic-perspectives-on-the-design-of-public-private-partnerships-ppps/","Strategy and Leadership Programmes","Campus","5 days","5","","","","","Mixed","","","","","","programme listing page fetched (view-programme-list + all-programs + category page); last listed run 10-15 Nov 2024","","","","","","","","","","","catalogue-capture","2026-09-24"
"Indian Institute of Management Bangalore","iimb","India","Project, Program & Portfolio Management","https://eep.iimb.ac.in/course/project-program-portfolio-management-batch-2/","Technology and Operations","Campus","4 days","4","0.8","Rs. 132000","INR","132000","Functional specialist","","Mid-Senior","","","","programme listing page fetched (view-programme-list + all-programs + category page); last listed run 2-5 Dec 2024","","","2025-11-19","2025-11-22","","Yes","","","No","","catalogue-capture","2026-09-24"
"Indian Institute of Management Bangalore","iimb","India","Company Director's Programme: Board Best Practices","https://eep.iimb.ac.in/course/company-directors-programme-board-best-practices/","Strategy and Leadership Programmes","Campus","3 days","3","0.6","","","","Board","","","","","","programme listing page fetched (view-programme-list + all-programs + category page); last listed run 25-27 Nov 2024","","","2025-12-08","TBH","","Yes","","","No","","catalogue-capture","2026-09-24"
"Indian Institute of Management Bangalore","iimb","India","Creating Successful New Products","https://eep.iimb.ac.in/course/creating-successful-new-products/","Marketing and General Management","Campus","3 days","3","","","","","Functional specialist","","","","","","programme listing page fetched (view-programme-list + all-programs + category page); last listed run 7-9 Nov 2024","","","","","","","","","","","catalogue-capture","2026-09-24"
"Indian Institute of Management Bangalore","iimb","India","Artificial Intelligence (AI) and Analytics Based Business Strategy; Creating Business Value [Batch – 7]","https://eep.iimb.ac.in/course/artificial-intelligence-ai-and-analytics-based-business-strategy-creating-business-value/","Data and Business Analytics","Campus","3 days","3","0.6","","","","C-suite/Senior","","","","","08 Oct 2026","programme listing page fetched (view-programme-list + all-programs + category page)","","","2025-11-17","TBH","","Yes","","","No","","catalogue-capture","2026-09-24"
"Indian Institute of Management Bangalore","iimb","India","Creating High Performance Organisations","https://eep.iimb.ac.in/course/creating-high-performance-organisations-batch-26/","Strategy and Leadership Programmes","Campus","5 days","5","1.0","Rs.1,45,500","INR","145500","C-suite/Senior","","Mid-Senior Leaders","","","05 Oct 2026","programme listing page fetched (view-programme-list + all-programs + category page); 2 scheduled runs: Batch-25 (5 Oct 2026), Batch-26 (1-5 Mar 2027)","","","2025-09-01","2025-09-05","","Yes","No","","No","","catalogue-capture","2026-09-24"
"Indian Institute of Management Bangalore","iimb","India","Generative AI and Agentic AI with Business Applications","https://eep.iimb.ac.in/course/generative-ai-and-agentic-ai-with-business-applications-batch-09/","Data and Business Analytics","Campus","5 days","5","1.0","Rs.1,45,500","INR","145500","Mid-career","","Mid-Senior","","","02 Nov 2026","programme listing page fetched (view-programme-list + all-programs + category page); 3 scheduled runs: Batch 07 (2 Nov 2026), Batch 08, Batch 09","","","2025-06-09","2025-06-13","No","Yes","No","","No","","catalogue-capture","2026-09-24"
"Indian Institute of Management Bangalore","iimb","India","Private Equity and Capital Market Financing","https://eep.iimb.ac.in/course/private-equity-and-capital-market-financing/","Accounting and Finance","Campus","4 Days","4","0.8","","","","Functional specialist","","","","","Jan-Mar","programme listing page fetched (view-programme-list + all-programs + category page)","","","2026-01-19","TBH","","Yes","","","No","","catalogue-capture","2026-09-24"
"Indian Institute of Management Bangalore","iimb","India","Strategy and Leadership in VUCA World","https://eep.iimb.ac.in/course/strategy-and-leadership-in-vuca-world/","Strategy and Leadership Programmes","Campus","4 days","4","0.8","","","","C-suite/Senior","","","","","04 Jan 2027","programme listing page fetched (view-programme-list + all-programs + category page)","","","2026-01-19","TBH","","Yes","","","No","","catalogue-capture","2026-09-24"
"Indian Institute of Management Bangalore","iimb","India","Post Merger Integration for M&A Success","https://eep.iimb.ac.in/course/post-merger-integration-for-ma-success/","Strategy and Leadership Programmes; Marketing and General Management","Campus","3 Days","3","0.6","","","","C-suite/Senior","","","","","Jan-Mar","programme listing page fetched (view-programme-list + all-programs + category page)","","","2026-03-12","TBH","","Yes","","","No","","catalogue-capture","2026-09-24"
"Indian Institute of Management Bangalore","iimb","India","Decision Making for Managerial Effectiveness","https://eep.iimb.ac.in/course/decision-making-for-managerial-effectiveness/","Strategy and Leadership Programmes","Campus","3 days","3","0.6","Rs. 106500","INR","106500","Mid-career","","Mid-Senior","","","","programme listing page fetched (view-programme-list + all-programs + category page)","","","2026-01-08","2025-10-29","","Yes","","","No","","catalogue-capture","2026-09-24"
"Indian Institute of Management Bangalore","iimb","India","Strategic Management of Innovation [Batch-8]","https://eep.iimb.ac.in/course/strategic-management-of-innovation/","Marketing and General Management","Campus","3 days","3","0.6","","","","Mid-career","","","","","15 Feb 2027","programme listing page fetched (view-programme-list + all-programs + category page)","","","2026-02-16","TBH","","Yes","","","No","","catalogue-capture","2026-09-24"
"Indian Institute of Management Bangalore","iimb","India","Healthcare CEO Excellence Programme","https://eep.iimb.ac.in/course/healthcare-ceo-excellence-programme/","Marketing and General Management","Campus","","","","","","","C-suite/Senior","","","","","","programme listing page fetched (view-programme-list + all-programs + category page)","","","","","","","","","","","catalogue-capture","2026-09-24"
"Indian Institute of Management Bangalore","iimb","India","Analytics for Market Research [Batch-1]","https://eep.iimb.ac.in/course/analytics-for-market-research/","Data and Business Analytics","Campus","5 days","5","1.0","","","","Functional specialist","","","","","","programme listing page fetched (view-programme-list + all-programs + category page)","","","2026-01-05","TBH","","Yes","","","No","","catalogue-capture","2026-09-24"
"Indian Institute of Management Bangalore","iimb","India","Mindfulness for Effective Leadership (Batch-2)","https://eep.iimb.ac.in/course/mindfulness-for-effective-leadership/","Strategy and Leadership Programmes","Campus","3 days","3","0.6","Rs. 1,06,500","INR","106500","Mixed","","Mid-Career","","","","programme listing page fetched (view-programme-list + all-programs + category page)","","","2026-02-11","2025-09-19","","Yes","No","","No","","catalogue-capture","2026-09-24"
"Indian Institute of Management Bangalore","iimb","India","Building Blocks of Marketing","https://eep.iimb.ac.in/course/building-blocks-of-marketing/","Marketing and General Management","Campus","3 days","3","","","","","Early/Emerging","","","","","","programme listing page fetched (view-programme-list + all-programs + category page); last listed run 29-31 Jan 2024","","","","","","","","","","","catalogue-capture","2026-09-24"
"Indian Institute of Management Bangalore","iimb","India","Predictive Analytics for Business Forecasting [Batch-7]","https://eep.iimb.ac.in/course/predictive-analytics-for-business-forecasting/","Data and Business Analytics","Campus","4 days","4","","","","","Functional specialist","","","","","05 Jan 2027","programme listing page fetched (view-programme-list + all-programs + category page)","","","","","","","","","","","catalogue-capture","2026-09-24"
"Indian Institute of Management Bangalore","iimb","India","Finance for Decision Making (for Non-Finance Managers)","https://eep.iimb.ac.in/course/finance-for-managers/","Accounting and Finance","Campus","5 Days","5","1.0","","","","Mid-career","","","","","Jan-Mar","programme listing page fetched (view-programme-list + all-programs + category page)","","","2026-01-19","TBH","","Yes","","","No","","catalogue-capture","2026-09-24"
"Indian Institute of Management Bangalore","iimb","India","ESG – Management, Reporting and Communication (Batch-3)","https://eep.iimb.ac.in/course/esg-management-reporting-and-communication-batch-3/","Strategy and Leadership Programmes","Campus","1 day","1","","","","","Mixed","","","","","","programme listing page fetched (view-programme-list + all-programs + category page); last listed run 8 Jan 2024","","","","","","","","","","","catalogue-capture","2026-09-24"
"Indian Institute of Management Bangalore","iimb","India","Competitive Marketing Strategy [Batch 19]","https://eep.iimb.ac.in/course/competitive-marketing-strategy/","Marketing and General Management","Campus","3 days","3","0.6","","","","Mid-career","","","","","08 Feb 2027","programme listing page fetched (view-programme-list + all-programs + category page)","","","2025-12-04","TBH","","Yes","","","No","","catalogue-capture","2026-09-24"
"Indian Institute of Management Bangalore","iimb","India","Managing and Sustaining Hospital Growth","https://eep.iimb.ac.in/course/managing-and-sustaining-hospital-growth/","Marketing and General Management","Campus","3 days","3","","","","","C-suite/Senior","","","","","","programme listing page fetched (view-programme-list + all-programs + category page); last listed run 12-14 Feb 2024","","","","","","","","","","","catalogue-capture","2026-09-24"
"Indian Institute of Management Bangalore","iimb","India","Leading Strategic Change","https://eep.iimb.ac.in/course/leading-strategic-change/","Strategy and Leadership Programmes","Campus","3 days","3","","","","","C-suite/Senior","","","","","","programme listing page fetched (view-programme-list + all-programs + category page); last listed run 6-8 Feb 2025","","","","","","","","","","","catalogue-capture","2026-09-24"
"Indian Institute of Management Bangalore","iimb","India","Resilient Leadership (Batch-2)","https://eep.iimb.ac.in/course/resilient-leadership-batch-2/","Strategy and Leadership Programmes","Campus","3 days","3","","","","","Mid-career","","","","","","programme listing page fetched (view-programme-list + all-programs + category page); last listed run 12-14 Mar 2025","","","","","","","","","","","catalogue-capture","2026-09-24"
"Indian Institute of Management Bangalore","iimb","India","Accelerating Your Leadership Journey – Leader As a Coach","https://eep.iimb.ac.in/course/leader-as-a-coach-accelerating-your-leadership-journey/","Strategy and Leadership Programmes","Campus","4 days","4","0.8","","","","C-suite/Senior","","","","","15-18 Feb 2027","programme listing page fetched (view-programme-list + all-programs + category page)","","","2026-02-16","TBH","","Yes","","","No","","catalogue-capture","2026-09-24"
"Indian Institute of Management Bangalore","iimb","India","Corporate Governance in the Age of AI: Challenges, Risks and Opportunities","https://eep.iimb.ac.in/course/corporate-governance-in-the-age-of-ai-challenges-risks-and-opportunities/","Accounting and Finance","Campus","3 days","3","","","","","Board","","","","","05 Oct 2026","programme listing page fetched (view-programme-list + all-programs + category page); MISSING from prior bulk capture","","","","","","","","","","","catalogue-capture","2026-09-24"
"Indian Institute of Management Bangalore","iimb","India","Navigating the Alternative Investments Industry [Batch 04]","https://eep.iimb.ac.in/course/navigating-the-alternative-investments-industry/","Accounting and Finance","Campus","5 days","5","1.0","Rs.1,03,50","INR","10350","Functional specialist","","Mid-Senior","","","05 Oct 2026","programme listing page fetched (view-programme-list + all-programs + category page); MISSING from prior bulk capture","","","2025-09-22","2025-09-26","","Yes","No","","No","","catalogue-capture","2026-09-24"
"Indian Institute of Management Bangalore","iimb","India","Resource Optimisation for Decision Makers","https://eep.iimb.ac.in/course/resource-optimisation-for-decision-makers/","Data and Business Analytics","Campus","3 days","3","","","","","Mid-career","","","","","05 Oct 2026","programme listing page fetched (view-programme-list + all-programs + category page); MISSING from prior bulk capture","","","","","","","","","","","catalogue-capture","2026-09-24"
"Indian Institute of Management Bangalore","iimb","India","Augmented Decisions: AI and Human Behavior [Batch-1]","https://eep.iimb.ac.in/course/augmented-decisions-ai-and-human-behavior-batch-1/","Data and Business Analytics","Campus","3 days","3","","","","","Mid-career","","","","","15 Oct 2026","programme listing page fetched (view-programme-list + all-programs + category page); MISSING from prior bulk capture","","","","","","","","","","","catalogue-capture","2026-09-24"
"Indian Institute of Management Bangalore","iimb","India","Digital Supply Chains: From Strategy to Execution","https://eep.iimb.ac.in/course/digital-supply-chains-management/","Technology and Operations","Campus","5 days","5","1.0","Rs.1,42,500","INR","142500","Functional specialist","","Senior Leaders","","","16 Nov 2026","programme listing page fetched (view-programme-list + all-programs + category page); MISSING from prior bulk capture","","","2025-10-06","2025-10-10","","Yes","No","","No","5+ Years of Experience","catalogue-capture","2026-09-24"
"Indian Institute of Management Bangalore","iimb","India","Business Storytelling for Leaders","https://eep.iimb.ac.in/course/business-storytelling-for-leaders/","Strategy and Leadership Programmes","Campus","3 days","3","","","","","C-suite/Senior","","","","","19 Nov 2026","programme listing page fetched (view-programme-list + all-programs + category page); MISSING from prior bulk capture","","","","","","","","","","","catalogue-capture","2026-09-24"
"Indian Institute of Management Bangalore","iimb","India","CEO Excellence Programme: Leading with Vision & Strategic Impact [Batch 1]","https://eep.iimb.ac.in/course/ceo-excellence-programme-leading-with-vision-strategic-impact-batch-1/","Strategy and Leadership Programmes","Campus","3 days","3","","","","","C-suite/Senior","","","","","19 Nov 2026","programme listing page fetched (view-programme-list + all-programs + category page); MISSING from prior bulk capture","","","","","","","","","","","catalogue-capture","2026-09-24"
"Indian Institute of Management Bangalore","iimb","India","Intellectual Property – Games and Strategies","https://eep.iimb.ac.in/course/intellectual-property-games-and-strategies/","Strategy and Leadership Programmes","Campus","3 days","3","","","","","Functional specialist","","","","","26 Nov 2026","programme listing page fetched (view-programme-list + all-programs + category page); MISSING from prior bulk capture","","","","","","","","","","","catalogue-capture","2026-09-24"
"Indian Institute of Management Bangalore","iimb","India","Artificial Intelligence Strategy [Batch-9]","https://eep.iimb.ac.in/course/artificial-intelligence-strategy/","Marketing and General Management; Data and Business Analytics","Campus","5 days","5","1.0","Rs.1,42,500","INR","142500","C-suite/Senior","","Senior Leaders","","","30 Nov 2026","programme listing page fetched (view-programme-list + all-programs + category page); MISSING from prior bulk capture; 2 scheduled runs (artificial-intelligence-strategy, -batch-2)","","","2025-05-26","2025-05-30","No","Yes","No","","No","15+ Years of experience","catalogue-capture","2026-09-24"
"Indian Institute of Management Bangalore","iimb","India","Strategic Leadership Programme For IT Companies","https://eep.iimb.ac.in/course/strategic-leadership-programme-for-it-companies/","Technology and Operations","Campus","3 days","3","0.6","","","","C-suite/Senior","","","","","10 Dec 2026","programme listing page fetched (view-programme-list + all-programs + category page); MISSING from prior bulk capture","","","2025-12-11","TBH","","Yes","","","No","","catalogue-capture","2026-09-24"
"Indian Institute of Management Bangalore","iimb","India","Machine Learning with Business Applications [Batch-08]","https://eep.iimb.ac.in/course/machine-learning-with-business-applications/","Data and Business Analytics","Campus","5 days","5","1.0","","","","Functional specialist","","","","","08 Feb 2027","programme listing page fetched (view-programme-list + all-programs + category page); MISSING from prior bulk capture","","","2026-02-16","TBH","","Yes","","","No","","catalogue-capture","2026-09-24"
"Indian Institute of Management Bangalore","iimb","India","Organizational Transformation and Leadership Agility [Batch 1]","https://eep.iimb.ac.in/course/organizational-transformation-and-leadership-agility-batch-1/","Strategy and Leadership Programmes","Campus","","","","","","","C-suite/Senior","","","","","Jan-Feb","programme listing page fetched (view-programme-list + all-programs + category page); MISSING from prior bulk capture","","","","","","","","","","","catalogue-capture","2026-09-24"
"Indian Institute of Management Bangalore","iimb","India","Designing & Monetising Loyalty Programs [Batch 2]","https://eep.iimb.ac.in/course/designing-monetising-loyalty-programs/","Strategy and Leadership Programmes","Campus","","","","","","","Functional specialist","","","","","Aug-Oct","programme listing page fetched (view-programme-list + all-programs + category page); MISSING from prior bulk capture","","","","","","","","","","","catalogue-capture","2026-09-24"
"Indian Institute of Management Bangalore","iimb","India","Mergers & Acquisitions, Corporate Restructuring, Buyouts and Divestitures [Batch 11]","https://eep.iimb.ac.in/course/http-eep-iimb-ac-in-course-product-management-utm_campaign8726bx001utm_contentpm/","Accounting and Finance","Campus","5 days","5","1.0","Rs.1,42,500","INR","142500","C-suite/Senior","","Mid-Senior","","","","programme listing page fetched (view-programme-list + all-programs + category page); MISSING from prior bulk capture","","","2026-08-17","2025-08-22","","Yes","No","","No","","catalogue-capture","2026-09-24"
"Indian Institute of Management Bangalore","iimb","India","Digital Product Management [Batch -2]","https://eep.iimb.ac.in/course/digital-product-management/","Technology and Operations","Campus","5 days","5","","","","","Functional specialist","","","","","","programme listing page fetched (view-programme-list + all-programs + category page); MISSING from prior bulk capture","","","2026-08-17","","","","","","","","catalogue-capture","2026-09-24"
"Indian Institute of Management Bangalore","iimb","India","Advanced Business Negotiation Programme","https://eep.iimb.ac.in/course/advanced-business-negotiation-programme/","Strategy and Leadership Programmes","Campus","3 Days","3","0.6","Rs.1,06,500","INR","106500","Mid-career","","Senior Executives","","","","course sitemap (course-sitemap.xml); not on current active listings - likely dormant/past run; MISSING from prior bulk capture","","","2025-06-23","2025-06-25","No","Yes","No","","No","","catalogue-capture","2026-09-24"
"Indian Institute of Management Bangalore","iimb","India","Managing Technological Innovation","https://eep.iimb.ac.in/course/managing-technological-innovation/","Technology and Operations","Campus","","","","","","","Functional specialist","","","","","","course sitemap (course-sitemap.xml); not on current active listings - likely dormant/past run; MISSING from prior bulk capture","","","","","","","","","","","catalogue-capture","2026-09-24"
"Indian Institute of Management Bangalore","iimb","India","Enlightened Leadership [Batch-1]","https://eep.iimb.ac.in/course/enlightened-leadership-batch-1/","Strategy and Leadership Programmes","Campus","","","","","","","C-suite/Senior","","","","","","course sitemap (course-sitemap.xml); not on current active listings - likely dormant/past run; MISSING from prior bulk capture","","","","","","","","","","","catalogue-capture","2026-09-24"
"Indian Institute of Management Bangalore","iimb","India","Enterprise Innovation through Startups","https://eep.iimb.ac.in/course/enterprise-innovation-through-startups/","Entrepreneurship and Innovation","Campus","","","","","","","Mid-career","","","","","","course sitemap (course-sitemap.xml); not on current active listings - likely dormant/past run; MISSING from prior bulk capture","","","","","","","","","","","catalogue-capture","2026-09-24"
"Indian Institute of Management Bangalore","iimb","India","Strategic Stewardship: Integrated Strategy to Create Sustainable Value","https://eep.iimb.ac.in/course/strategic-stewardship-integrated-strategy-to-create-sustainable-value/","Strategy and Leadership Programmes","Campus","","","","","","","C-suite/Senior","","","","","","course sitemap (course-sitemap.xml); not on current active listings - likely dormant/past run; MISSING from prior bulk capture","","","","","","","","","","","catalogue-capture","2026-09-24"
"Indian Institute of Management Bangalore","iimb","India","Dynamics of Financial Sector Regulation","https://eep.iimb.ac.in/course/dynamics-of-financial-sector-regulation/","Accounting and Finance","Campus","","","","","","","Functional specialist","","","","","","course sitemap (course-sitemap.xml); not on current active listings - likely dormant/past run; MISSING from prior bulk capture","","","","","","","","","","","catalogue-capture","2026-09-24"
"Indian Institute of Management Bangalore","iimb","India","Healthcare Senior Leadership Programme","https://eep.iimb.ac.in/course/healthcare-senior-leadership-programme/","Marketing and General Management","Campus","","","","","","","C-suite/Senior","","","","","","course sitemap (course-sitemap.xml); not on current active listings - likely dormant/past run; MISSING from prior bulk capture","","","","","","","","","","","catalogue-capture","2026-09-24"
"Indian Institute of Management Bangalore","iimb","India","Leadership Development Program to Build Resilient GCCs","https://eep.iimb.ac.in/course/leadership-development-program-to-build-resilient-gccs/","Strategy and Leadership Programmes","Campus","4 Months","","17.3","Rs. 4,55,000 + GST","INR","455000","C-suite/Senior","","Senior Leaders","","","","course sitemap (course-sitemap.xml); not on current active listings - likely dormant/past run; MISSING from prior bulk capture","","","2025-07-24","2025-10-11","No","Yes","No","3","No","15+ Years of Experience in GCCs","catalogue-capture","2026-09-24"
"Indian Institute of Management Bangalore","iimb","India","Strategic Leadership Development Programme (SLDP-8)","https://eep.iimb.ac.in/course/strategic-leadership-development-programme-sldp/","Strategy and Leadership Programmes","Blended","6 months (Apr 2026 - Oct 2026)","","26","","","","C-suite/Senior","","","","","Apr 2026","programme listing page fetched (view-programme-list + all-programs + category page)","","","","","","","","","","","catalogue-capture","2026-09-24"
"Indian Institute of Management Bangalore","iimb","India","Business Analytics & Artificial Intelligence – Batch 17 (BAAI)","https://eep.iimb.ac.in/course/business-analytics-artificial-intelligence-baai/","Data and Business Analytics","Blended","15 Jul 2026 - 27 Mar 2027 (approx 8 months)","","36","Rs.8,65,000","INR","865000","Mid-career","","Senior Leaders","","","","programme listing page fetched (view-programme-list + all-programs + category page)","","","2026-07-15","2026-03-14","No","Yes","No","12","Yes","","catalogue-capture","2026-09-24"
"Indian Institute of Management Bangalore","iimb","India","General Management Programme for Aerospace and Aviation Executives – Batch 12 (GMAE12)","https://eep.iimb.ac.in/course/general-management-programme-for-aerospace-and-aviation-executives-gmae/","Marketing and General Management","Blended","16 Sep 2026 - 17 Jul 2027 (10 months)","","44","Rs. 8,60,000","INR","860000","Mid-career","","Mid-Senior","","","","programme listing page fetched (view-programme-list + all-programs + category page)","","","2026-09-16","2026-06-19","No","Yes","No","","Yes","","catalogue-capture","2026-09-24"
"Indian Institute of Management Bangalore","iimb","India","Programme on Capital Markets and Risk Management – Batch 3 (CMRM Batch-3)","https://eep.iimb.ac.in/course/programme-on-capital-markets-and-risk-management/","Accounting and Finance; Technology and Operations","Blended","21 Aug 2026 - 8 May 2027 (9 months)","","38","Rs.4,90,000","INR","490000","Functional specialist","","Mid-Senior/Career","","","","programme listing page fetched (view-programme-list + all-programs + category page)","","","2026-08-21","2026-03-21","No","Yes","No","5","Yes","2+ Years","catalogue-capture","2026-09-24"
"Indian Institute of Management Bangalore","iimb","India","Finance for Non-Finance Managers: A Primer for Decision Making – Batch 6 (FNFM6)","https://eep.iimb.ac.in/course/finance-for-non-finance-managers-fnfe/","Accounting and Finance","Blended","18 Nov 2026 - 17 Apr 2028 (listed as 6 months on /all-programs, 18 months on category page)","","26","","","","Mid-career","","","","","18 Nov 2026","programme listing page fetched (view-programme-list + all-programs + category page); duration inconsistent between IIMB's own listings; second slug finance-for-non-finance-executives-fnfe","","","","","","","","","","","catalogue-capture","2026-09-24"
"Indian Institute of Management Bangalore","iimb","India","General Management Programme for Healthcare Executives – Batch 9 (GMHE9)","https://eep.iimb.ac.in/course/general-management-programme-for-healthcare-executives-gmhe/","Marketing and General Management","Blended","6 Nov 2026 - 21 Aug 2027 (10 months)","","44","","","","Mid-career","","","","","06 Nov 2026","programme listing page fetched (view-programme-list + all-programs + category page)","","","","","","","","","","","catalogue-capture","2026-09-24"
"Indian Institute of Management Bangalore","iimb","India","Certificate Programme on Personal Finance and Wealth Advisory – PFWA","https://eep.iimb.ac.in/course/executive-programme-in-personal-finance-and-wealth-advisory/","Accounting and Finance","Blended","20 Mar 2025 - 9 Jan 2027 (21 months)","","92","","","","Functional specialist","","","","","","programme listing page fetched (view-programme-list + all-programs + category page); co-certified with FPSB India per news coverage (search snippet)","","","2025-03-20","","","","","","","","catalogue-capture","2026-09-24"
"Indian Institute of Management Bangalore","iimb","India","Certificate Programme in Digital Operations and Supply Chain Management – Batch 5 (CPDOSCM5)","https://eep.iimb.ac.in/course/certificate-programme-in-digital-operations-and-supply-chain-management/","Technology and Operations; Entrepreneurship and Innovation","Blended","2 Jan 2027 - 27 Nov 2027 (10-11 months)","","48","Rs. 4,40,000","INR","440000","Mid-career","","Mid-Senior","","","02 Jan 2027","programme listing page fetched (view-programme-list + all-programs + category page)","","","2025-11-29","2026-09-19","No","Yes","No","5","Yes","3+ Years of Experience","catalogue-capture","2026-09-24"
"Indian Institute of Management Bangalore","iimb","India","Leading Digital Transformation – Batch 8 (LDT8)","https://eep.iimb.ac.in/course/leading-digital-transformation-ldt/","Technology and Operations","Blended","22 Feb 2027 - 21 Jul 2027 (5-6 months)","","22","","","","C-suite/Senior","","","","","22 Feb 2027","programme listing page fetched (view-programme-list + all-programs + category page)","","","2025-12-01","2026-01-31","","","","","Yes","","catalogue-capture","2026-09-24"
"Indian Institute of Management Bangalore","iimb","India","Programme on Data Science & AI (DSAI) – Batch 4","https://eep.iimb.ac.in/course/programme-on-data-science-ai/","Data and Business Analytics","Blended","13 Mar 2026 - 10 Jan 2027 (9 months)","","40","","","","Mid-career","","","","","","programme listing page fetched (view-programme-list + all-programs + category page)","","","2026-03-13","TBH","","","","","","","catalogue-capture","2026-09-24"
"Indian Institute of Management Bangalore","iimb","India","Advanced Management Programme – Batch 21 (AMP21)","https://eep.iimb.ac.in/course/advanced-management-programme-amp/","Marketing and General Management","Blended","1 Feb 2027 - 20 Nov 2027 (9-10 months)","","42","","","","C-suite/Senior","","","","","01 Feb 2027","programme listing page fetched (view-programme-list + all-programs + category page)","","","2026-01-01","TBH","","","","","","","catalogue-capture","2026-09-24"
"Indian Institute of Management Bangalore","iimb","India","Management Programme for Entrepreneurs & Family Businesses (MPEFB) (Batch-17)","https://eep.iimb.ac.in/course/management-programme-for-entrepreneurs-family-businesses-batch-17/","Entrepreneurship and Innovation","Blended","6 Months","","26.0","Rs. 9,03,500 + GST","INR","903500","Mixed","","CXOs/Senior Leaders","","","","programme listing page fetched (view-programme-list + all-programs + category page)","","","2025-09-08","2026-03-11","No","Yes","No","6","Yes","","catalogue-capture","2026-09-24"
"Indian Institute of Management Bangalore","iimb","India","Executive General Management Programme – Batch 80 (EGMP-80)","https://eep.iimb.ac.in/course/executive-general-management-programme-egmp-q3/","Marketing and General Management","Blended","10 Dec 2026 (10 months)","","44","Rs.7,50,000","INR","750000","Mid-career","","Mid-Career","","","10 Dec 2026","programme listing page fetched (view-programme-list + all-programs + category page)","","","2025-06-19","2026-04-25","No","Yes","No","4","Yes","5+ Years","catalogue-capture","2026-09-24"
"Indian Institute of Management Bangalore","iimb","India","Advanced Programme in Quantitative Finance (APQF1)","https://eep.iimb.ac.in/course/advanced-management-programme-in-quantitative-finance-ampqf1/","Accounting and Finance","Blended","2 Nov 2026 (11 months)","","48","","","","Functional specialist","","","","","02 Nov 2026","programme listing page fetched (view-programme-list + all-programs + category page); MISSING from prior bulk capture; Batch 1 - new","","","","","","","","","","","catalogue-capture","2026-09-24"
"Indian Institute of Management Bangalore","iimb","India","Executive Programme in Luxury Fashion & Lifestyle Leadership – Batch 1 (EPLFL1)","https://eep.iimb.ac.in/course/executive-programme-in-luxury-fashion-lifestyle-leadership-batch-1-eplfl1/","Marketing and General Management","Blended","16 Nov 2026 (5 months)","","22","","","","Mid-career","","","","","16 Nov 2026","programme listing page fetched (view-programme-list + all-programs + category page); MISSING from prior bulk capture; Batch 1 - new","","","","","","","","","","","catalogue-capture","2026-09-24"
"Indian Institute of Management Bangalore","iimb","India","Independent Directors Certificate Programme – Batch 10 (IDCP10)","https://eep.iimb.ac.in/course/independent-directors-certificate-programme-idcp/","Strategy and Leadership Programmes","Blended","21 Nov 2026 (6 months)","","26","Rs. 4,50,000","INR","450000","Board","","Senior Leaders","","","21 Nov 2026","programme listing page fetched (view-programme-list + all-programs + category page); MISSING from prior bulk capture","","","2025-08-30","2025-01-31","No","Yes","No","11","Yes","","catalogue-capture","2026-09-24"
"Indian Institute of Management Bangalore","iimb","India","Senior Leadership Management Programme – Batch 1 (SLMP1)","https://eep.iimb.ac.in/course/senior-leadership-management-programme-batch-1-slmp1/","Strategy and Leadership Programmes","Blended","30 Nov 2026 (12 months)","","52","","","","C-suite/Senior","","","","","30 Nov 2026","programme listing page fetched (view-programme-list + all-programs + category page); MISSING from prior bulk capture; Batch 1 - new","","","","","","","","","","","catalogue-capture","2026-09-24"
"Indian Institute of Management Bangalore","iimb","India","Tanmatra – Women in Leadership Programme (10th Edition)","https://eep.iimb.ac.in/course/tanmatra-women-in-leadership-programme-10th-edition/","Strategy and Leadership Programmes; Entrepreneurship and Innovation; Marketing and General Management","Blended","5 Months","","21.6","Rs. 5,25,000","INR","525000","Mid-career","","Women Senior Leaders","","","Jun-Nov","programme listing page fetched (view-programme-list + all-programs + category page); MISSING from prior bulk capture","","","2025-06-16","2025-11-22","No","Yes","No","3","Yes","15+ Years","catalogue-capture","2026-09-24"
"Indian Institute of Management Bangalore","iimb","India","ESG, Climate Change, and Building Future Ready Organizations [Batch-3]","https://eep.iimb.ac.in/course/esg-climate-change-and-building-future-ready-organizations/","Strategy and Leadership Programmes","Campus","4 days (25-28 Nov 2026)","4","0.8","Residential Rs.1,22,000 / Early Bird Rs.1,09,800; Non-Residential Rs.1,00,000 / Early Bird Rs.90,000 (+ Applicable GST)","INR","122000","C-suite/Senior","","Organizational founders, senior managers and functional heads who are able to influence decision making pertaining to ESG in an organization.","Current state of climate change and limiting global warming to 1.5-2C; How individuals, businesses, communities and governments reduce climate impact; What is ESG and the role of regulation; Leveraging ESG for triple bottom line performance; First-mover advantage through greener products and processes; Setting environmental targets and roadmaps; Computing, monitoring and reducing carbon footprint; Building organizational commitment to environmental sustainability; Structural changes needed for implementation","","25 Nov 2026","programme page fetched","","","2025-11-12","2025-11-15","","Yes","","","No","","catalogue-capture","2026-09-24"
"Indian Institute of Management Bangalore","iimb","India","IIMB CREDAI Business Leadership Programme (BLP)","https://eep.iimb.ac.in/course/iimb-credai-business-leadership-programme-blp/","Strategy and Leadership Programmes","Campus","5 modules over 5 months (14 Sep 2026 - 5 Feb 2027), 4-5 days per module","22","","Early Bird Rs.7,50,000 + GST; Regular Rs.8,00,000 + GST","INR","800000","C-suite/Senior","CREDAI (Confederation of Real Estate Developers' Associations of India)","Real estate business leaders who have at least 5 years of experience in leading their organization. Max 25 participants.","","Y","","programme page fetched; association-restricted (CREDAI members, interview before enrolment) - borderline open-enrolment","","","2026-09-14","","","","","","","","catalogue-capture","2026-09-24"
"Indian Institute of Management Bangalore","iimb","India","Financial Accounting and Analysis","https://www.edx.org/learn/financial-accounting/indian-institute-of-management-bangalore-financial-accounting-and-analysis","Accounting and Finance","Self-paced Online","","","","","","","Mixed","edX (IIMBx)","","","","","edX IIMBx school page fetched (edx.org/school/iimbx); free to audit, paid verified certificate; fee not shown on listing","","","","","","","","","","","catalogue-capture","2026-09-24"
"Indian Institute of Management Bangalore","iimb","India","Corporate Finance","https://www.edx.org/learn/finance/indian-institute-of-management-bangalore-corporate-finance","Accounting and Finance","Self-paced Online","","","","","","","Mixed","edX (IIMBx)","","","","","edX IIMBx school page fetched (edx.org/school/iimbx); free to audit, paid verified certificate; fee not shown on listing","","","","","","","","","","","catalogue-capture","2026-09-24"
"Indian Institute of Management Bangalore","iimb","India","Operations Management","https://www.edx.org/learn/operations-management/indian-institute-of-management-bangalore-operations-management","Technology and Operations","Self-paced Online","","","","","","","Mixed","edX (IIMBx)","","","","","edX IIMBx school page fetched (edx.org/school/iimbx); free to audit, paid verified certificate; fee not shown on listing","","","","","","","","","","","catalogue-capture","2026-09-24"
"Indian Institute of Management Bangalore","iimb","India","Advanced Corporate Strategy","https://www.edx.org/learn/business-strategy/indian-institute-of-management-bangalore-advanced-corporate-strategy","Strategy and Leadership Programmes","Self-paced Online","","","","","","","Mixed","edX (IIMBx)","","","","","edX IIMBx school page fetched (edx.org/school/iimbx); free to audit, paid verified certificate; fee not shown on listing","","","","","","","","","","","catalogue-capture","2026-09-24"
"Indian Institute of Management Bangalore","iimb","India","Strategic Management","https://www.edx.org/learn/strategic-management/indian-institute-of-management-bangalore-strategic-management","Strategy and Leadership Programmes","Self-paced Online","","","","","","","Mixed","edX (IIMBx)","","","","","edX IIMBx school page fetched (edx.org/school/iimbx); free to audit, paid verified certificate; fee not shown on listing","","","","","","","","","","","catalogue-capture","2026-09-24"
"Indian Institute of Management Bangalore","iimb","India","Marketing Management","https://www.edx.org/learn/marketing-management/indian-institute-of-management-bangalore-marketing-management","Marketing and General Management","Self-paced Online","","","","","","","Mixed","edX (IIMBx)","","","","","edX IIMBx school page fetched (edx.org/school/iimbx); free to audit, paid verified certificate; fee not shown on listing","","","","","","","","","","","catalogue-capture","2026-09-24"
"Indian Institute of Management Bangalore","iimb","India","Accounting and Finance","https://www.edx.org/learn/financial-accounting/indian-institute-of-management-bangalore-accounting-and-finance","Accounting and Finance","Self-paced Online","","","","","","","Mixed","edX (IIMBx)","","","","","edX IIMBx school page fetched (edx.org/school/iimbx); free to audit, paid verified certificate; fee not shown on listing","","","","","","","","","","","catalogue-capture","2026-09-24"
"Indian Institute of Management Bangalore","iimb","India","Brand Management","https://www.edx.org/learn/branding/indian-institute-of-management-bangalore-brand-management","Marketing and General Management","Self-paced Online","","","","","","","Mixed","edX (IIMBx)","","","","","edX IIMBx school page fetched (edx.org/school/iimbx); free to audit, paid verified certificate; fee not shown on listing","","","","","","","","","","","catalogue-capture","2026-09-24"
"Indian Institute of Management Bangalore","iimb","India","Accounting for Decision-Making","https://www.edx.org/learn/accounting/indian-institute-of-management-bangalore-accounting-for-decision-making","Accounting and Finance","Self-paced Online","","","","","","","Mixed","edX (IIMBx)","","","","","edX IIMBx school page fetched (edx.org/school/iimbx); free to audit, paid verified certificate; fee not shown on listing","","","","","","","","","","","catalogue-capture","2026-09-24"
"Indian Institute of Management Bangalore","iimb","India","Behavioral Economics and Public Policy","https://www.edx.org/learn/behavioral-economics/indian-institute-of-management-bangalore-behavioral-economics-and-public-policy","Nonprofits and Social Impact","Self-paced Online","","","","","","","Mixed","edX (IIMBx)","","","","","edX IIMBx school page fetched (edx.org/school/iimbx); free to audit, paid verified certificate; fee not shown on listing","","","","","","","","","","","catalogue-capture","2026-09-24"
"Indian Institute of Management Bangalore","iimb","India","People Management with Impact","https://www.edx.org/learn/management/indian-institute-of-management-bangalore-people-management","Strategy and Leadership Programmes","Self-paced Online","","","","","","","Mixed","edX (IIMBx)","","","","","edX IIMBx school page fetched (edx.org/school/iimbx); free to audit, paid verified certificate; fee not shown on listing","","","","","","","","","","","catalogue-capture","2026-09-24"
"Indian Institute of Management Bangalore","iimb","India","Marketing Essentials","https://www.edx.org/learn/marketing/indian-institute-of-management-bangalore-marketing-essentials","Marketing and General Management","Self-paced Online","","","","","","","Mixed","edX (IIMBx)","","","","","edX IIMBx school page fetched (edx.org/school/iimbx); free to audit, paid verified certificate; fee not shown on listing","","","","","","","","","","","catalogue-capture","2026-09-24"
"Indian Institute of Management Bangalore","iimb","India","Digital Marketing Strategy","https://www.edx.org/learn/digital-marketing/indian-institute-of-management-bangalore-digital-marketing-strategy","Marketing and General Management","Self-paced Online","","","","","","","Mixed","edX (IIMBx)","","","","","edX IIMBx school page fetched (edx.org/school/iimbx); free to audit, paid verified certificate; fee not shown on listing","","","","","","","","","","","catalogue-capture","2026-09-24"
"Indian Institute of Management Bangalore","iimb","India","Platform Business Models","https://www.edx.org/learn/business-model/indian-institute-of-management-bangalore-platform-business-models","Strategy and Leadership Programmes","Self-paced Online","","","","","","","Mixed","edX (IIMBx)","","","","","edX IIMBx school page fetched (edx.org/school/iimbx); free to audit, paid verified certificate; fee not shown on listing","","","","","","","","","","","catalogue-capture","2026-09-24"
"Indian Institute of Management Bangalore","iimb","India","Consumer Behaviour","https://www.edx.org/learn/marketing/indian-institute-of-management-bangalore-consumer-behaviour","Marketing and General Management","Self-paced Online","","","","","","","Mixed","edX (IIMBx)","","","","","edX IIMBx school page fetched (edx.org/school/iimbx); free to audit, paid verified certificate; fee not shown on listing","","","","","","","","","","","catalogue-capture","2026-09-24"
"Indian Institute of Management Bangalore","iimb","India","Customer Relationship Management","https://www.edx.org/learn/customer-relationship-management/indian-institute-of-management-bangalore-customer-relationship-management","Marketing and General Management","Self-paced Online","","","","","","","Mixed","edX (IIMBx)","","","","","edX IIMBx school page fetched (edx.org/school/iimbx); free to audit, paid verified certificate; fee not shown on listing","","","","","","","","","","","catalogue-capture","2026-09-24"
"Indian Institute of Management Bangalore","iimb","India","Quantitative Marketing Research","https://www.edx.org/learn/marketing/indian-institute-of-management-bangalore-quantitative-marketing-research","Data and Business Analytics","Self-paced Online","","","","","","","Mixed","edX (IIMBx)","","","","","edX IIMBx school page fetched (edx.org/school/iimbx); free to audit, paid verified certificate; fee not shown on listing","","","","","","","","","","","catalogue-capture","2026-09-24"
"Indian Institute of Management Bangalore","iimb","India","Macroeconomics: Theory and Policy","https://www.edx.org/learn/macroeconomics/indian-institute-of-management-bangalore-macroeconomics-theory-and-policy","Marketing and General Management","Self-paced Online","","","","","","","Mixed","edX (IIMBx)","","","","","edX IIMBx school page fetched (edx.org/school/iimbx); free to audit, paid verified certificate; fee not shown on listing","","","","","","","","","","","catalogue-capture","2026-09-24"
"Indian Institute of Management Bangalore","iimb","India","New Product Development","https://www.edx.org/learn/product-design/indian-institute-of-management-bangalore-new-product-development","Marketing and General Management","Self-paced Online","","","","","","","Mixed","edX (IIMBx)","","","","","edX IIMBx school page fetched (edx.org/school/iimbx); free to audit, paid verified certificate; fee not shown on listing","","","","","","","","","","","catalogue-capture","2026-09-24"
"Indian Institute of Management Bangalore","iimb","India","Services Marketing: Concepts & Applications","https://www.edx.org/learn/marketing/indian-institute-of-management-bangalore-services-marketing-concepts-applications","Marketing and General Management","Self-paced Online","","","","","","","Mixed","edX (IIMBx)","","","","","edX IIMBx school page fetched (edx.org/school/iimbx); free to audit, paid verified certificate; fee not shown on listing","","","","","","","","","","","catalogue-capture","2026-09-24"
"Indian Institute of Management Bangalore","iimb","India","DO Your Venture: Entrepreneurship For Everyone","https://www.edx.org/learn/entrepreneurship/indian-institute-of-management-bangalore-do-your-venture-entrepreneurship-for-everyone","Entrepreneurship and Innovation","Self-paced Online","","","","","","","Mixed","edX (IIMBx)","","","","","edX IIMBx school page fetched (edx.org/school/iimbx); free to audit, paid verified certificate; fee not shown on listing","","","","","","","","","","","catalogue-capture","2026-09-24"
"Indian Institute of Management Bangalore","iimb","India","Crafting Realities: Work, Happiness, and Meaning","https://www.edx.org/learn/workplace-wellness/indian-institute-of-management-bangalore-crafting-realities-work-happiness-and-meaning","Strategy and Leadership Programmes","Self-paced Online","","","","","","","Mixed","edX (IIMBx)","","","","","edX IIMBx school page fetched (edx.org/school/iimbx); free to audit, paid verified certificate; fee not shown on listing","","","","","","","","","","","catalogue-capture","2026-09-24"
"Indian Institute of Management Bangalore","iimb","India","Managing Family Businesses for Sustained Success","https://www.edx.org/learn/business-administration/indian-institute-of-management-bangalore-managing-family-businesses-for-sustained-success","Entrepreneurship and Innovation","Self-paced Online","","","","","","","Mixed","edX (IIMBx)","","","","","edX IIMBx school page fetched (edx.org/school/iimbx); free to audit, paid verified certificate; fee not shown on listing","","","","","","","","","","","catalogue-capture","2026-09-24"
"Indian Institute of Management Bangalore","iimb","India","The Essence of Leadership: Explorations from Literature","https://www.edx.org/learn/leadership/indian-institute-of-management-bangalore-the-essence-of-leadership-explorations-from-literature","Strategy and Leadership Programmes","Self-paced Online","","","","","","","Mixed","edX (IIMBx)","","","","","edX IIMBx school page fetched (edx.org/school/iimbx); free to audit, paid verified certificate; fee not shown on listing","","","","","","","","","","","catalogue-capture","2026-09-24"
"Indian Institute of Management Bangalore","iimb","India","People Management for Entrepreneurs","https://www.edx.org/learn/business-management/indian-institute-of-management-bangalore-people-management-for-entrepreneurs-2","Entrepreneurship and Innovation","Self-paced Online","","","","","","","Mixed","edX (IIMBx)","","","","","edX IIMBx school page fetched (edx.org/school/iimbx); free to audit, paid verified certificate; fee not shown on listing","","","","","","","","","","","catalogue-capture","2026-09-24"
"Indian Institute of Management Bangalore","iimb","India","Health Communication","https://www.edx.org/school/iimbx","Nonprofits and Social Impact","Self-paced Online","","","","","","","Mixed","edX (IIMBx)","","","","","edX IIMBx school page fetched; listed title, target URL uncertain in extraction","","","","","","","","","","","catalogue-capture","2026-09-24"
"Indian Institute of Management Bangalore","iimb","India","Business Management (MicroMasters)","https://www.edx.org/masters/micromasters/iimbx-business-management","Marketing and General Management","Self-paced Online","","","","","","","Mixed","edX (IIMBx)","","","","","edX IIMBx school page fetched; multi-course MicroMasters programme; fee not shown on listing","","","","","","","","","","","catalogue-capture","2026-09-24"
"Indian Institute of Management Bangalore","iimb","India","Entrepreneurship (MicroMasters)","https://www.edx.org/masters/micromasters/iimbx-entrepreneurship","Entrepreneurship and Innovation","Self-paced Online","","","","","","","Mixed","edX (IIMBx)","","","","","edX IIMBx school page fetched; multi-course MicroMasters programme; fee not shown on listing","","","","","","","","","","","catalogue-capture","2026-09-24"
"Indian Institute of Management Bangalore","iimb","India","Product Marketing Strategy (MicroMasters)","https://www.edx.org/masters/micromasters/iimbx-product-marketing-strategy","Marketing and General Management","Self-paced Online","","","","","","","Mixed","edX (IIMBx)","","","","","edX IIMBx school page fetched; multi-course MicroMasters programme; fee not shown on listing","","","","","","","","","","","catalogue-capture","2026-09-24"
"Indian Institute of Management Bangalore","iimb","India","Leadership Transformation (MicroMasters)","https://www.edx.org/masters/micromasters/iimbx-leadership-transformation","Strategy and Leadership Programmes","Self-paced Online","","","","","","","Mixed","edX (IIMBx)","","","","","edX IIMBx school page fetched; multi-course MicroMasters programme; fee not shown on listing","","","","","","","","","","","catalogue-capture","2026-09-24"
"Indian Institute of Management Bangalore","iimb","India","Brand and Marketing Research Strategy (Professional Certificate)","https://www.edx.org/certificates/professional-certificate/iimbx-brand-and-marketing-research-strategy","Marketing and General Management","Self-paced Online","","","","","","","Mixed","edX (IIMBx)","","","","","edX IIMBx school page fetched; multi-course Professional Certificate programme; fee not shown on listing","","","","","","","","","","","catalogue-capture","2026-09-24"
"Indian Institute of Management Bangalore","iimb","India","Digital Marketing (Professional Certificate)","https://www.edx.org/certificates/professional-certificate/iimbx-digital-marketing-professional-certificate-program","Marketing and General Management","Self-paced Online","","","","","","","Mixed","edX (IIMBx)","","","","","edX IIMBx school page fetched; multi-course Professional Certificate programme; fee not shown on listing","","","","","","","","","","","catalogue-capture","2026-09-24"
"Indian Institute of Management Bangalore","iimb","India","Customer Relationship Management for Marketers (Professional Certificate)","https://www.edx.org/certificates/professional-certificate/iimbx-customer-relationship-management-for-marketers","Marketing and General Management","Self-paced Online","","","","","","","Mixed","edX (IIMBx)","","","","","edX IIMBx school page fetched; multi-course Professional Certificate programme; fee not shown on listing","","","","","","","","","","","catalogue-capture","2026-09-24"
"Indian Institute of Management Bangalore","iimb","India","Services Marketing Fundamentals (Professional Certificate)","https://www.edx.org/certificates/professional-certificate/iimbx-services-marketing-fundamentals","Marketing and General Management","Self-paced Online","","","","","","","Mixed","edX (IIMBx)","","","","","edX IIMBx school page fetched; multi-course Professional Certificate programme; fee not shown on listing","","","","","","","","","","","catalogue-capture","2026-09-24"
"IIM Bangalore","iimb","India","Executive Programme in Business Finance (EPBF-BL07)","https://eep.iimb.ac.in/course/entrepreneurial-leadership-in-organizations-batch-1/?utm_campaign=S02450&utm_content=ELO","","Blended","7 Months","","30.3","Rs. 3,43,000","INR","343000","C-suite/Senior","","CXOs/Senior Leaders","","","","team competitor sheet v3","","","2026-07-19","High","No","","No","","","10+ Years of Managerial Experience","team-sheet",""
"IIM Bangalore","iimb","India","Artificial Intelligence for Leaders (Batch-1)","https://eep.iimb.ac.in/course/artificial-intelligence-for-senior-leaders/?utm_campaign=S01710&utm_content=artificial-intelligence","","Campus","3 Days","3","0.6","Rs.1,11,500","INR","111500","Senior","","Senior Leaders","","","","team competitor sheet v3","","","2025-06-25","2025-06-27","No","Yes","No","","No","10+ years in the field of AI","team-sheet",""
"IIM Bangalore","iimb","India","Risks and Challenges in Global Banking Regulations","https://eep.iimb.ac.in/view-all-programs/","","Campus","5 Days","5","1.0","","","","Unknown","","","","","","team competitor sheet v3","","","2025-07-14","TBH","","Yes","","","No","","team-sheet",""
"IIM Bangalore","iimb","India","Business Analytics - The Science of Data Driven Decision Making","https://eep.iimb.ac.in/course/business-analytics-science-of-data-driven-decision-making/?utm_campaign=S00150&utm_content=business-analytics-science-of-data","","Campus","5 Days","5","1.0","Rs. 1,45,500","INR","145500","Mid-career","","Mid-Level Leaders","","","","team competitor sheet v3","","","2025-07-28","2025-08-01","No","Yes","No","","No","","team-sheet",""
"IIM Bangalore","iimb","India","Digital and Social Media Marketing Strategy: Driving Business Growth (Batch-1)","https://eep.iimb.ac.in/course/digital-and-social-media-marketing-strategy-driving-business-growth/?utm_campaign=S00640&utm_content=dsm","","Campus","3 Days","3","0.6","Rs.1,06,500","INR","106500","C-suite/Senior","","CXOs/Senior Leaders","","","","team competitor sheet v3","","","2025-09-01","2025-09-03","","Yes","No","","No","","team-sheet",""
"IIM Bangalore","iimb","India","Ecosystem Strategy for Business Leaders","https://eep.iimb.ac.in/course/ecosystem-strategy-for-business-leaders/?utm_campaign=S02350&utm_content=ESBL","","Campus","5 Days","5","1.0","Rs. 142500","INR","142500","Unknown","","","","","","team competitor sheet v3","","","2025-10-06","2025-10-10","","Yes","No","","No","","team-sheet",""
"IIM Bangalore","iimb","India","Personal Growth & Team Building","https://eep.iimb.ac.in/view-all-programs/","","Campus","3 Days","3","0.6","","","","Unknown","","","","","","team competitor sheet v3","","","2025-10-27","TBH","","Yes","","","No","","team-sheet",""
"IIM Bangalore","iimb","India","Corporate Diplomacy","https://eep.iimb.ac.in/course/corporate-diplomacy-leading-in-a-turbulent-world/?utm_campaign=S02200&utm_content=corporate-diplomacy","","Campus","2 Days","2","0.4","Rs.1,50,000","INR","150000","Unknown","","","","","","team competitor sheet v3","","","2025-10-27","2025-10-28","","Yes","","","No","","team-sheet",""
"IIM Bangalore","iimb","India","Generative AI and Agentic AI (Batch-2)","https://eep.iimb.ac.in/course/generative-ai-and-agentic-ai-with-business-applications/?utm_campaign=S02471&utm_content=GenAI","","Campus","5 Days","5","1.0","Rs.1,45,500","INR","145500","Mid-career","","Mid-Senior","","","","team competitor sheet v3","","","2025-11-03","2025-11-07","","Yes","","","No","","team-sheet",""
"IIM Bangalore","iimb","India","Stepping up: Preparing for Leadership","https://eep.iimb.ac.in/view-all-programs/","","Campus","3 Days","3","0.6","","","","Unknown","","","","","","team competitor sheet v3","","","2025-11-27","TBH","","Yes","","","No","","team-sheet",""
"IIM Bangalore","iimb","India","Strategic Analysis for Competitive Advantage","https://eep.iimb.ac.in/view-all-programs/","","Campus","4 Days","4","0.8","","","","Unknown","","","","","","team competitor sheet v3","","","2025-12-02","TBH","","Yes","","","No","","team-sheet",""
"IIM Bangalore","iimb","India","Building a Strong Employer Brand","https://eep.iimb.ac.in/view-all-programs/","","Campus","3 Days","3","0.6","","","","Unknown","","","","","","team competitor sheet v3","","","2025-12-10","TBH","","Yes","","","No","","team-sheet",""
"IIM Bangalore","iimb","India","Leadership Skills for Engineers","https://eep.iimb.ac.in/view-all-programs/","","Campus","3 Days","3","0.6","","","","Unknown","","","","","","team competitor sheet v3","","","2025-01-05","TBH","","Yes","","","No","","team-sheet",""
"IIM Bangalore","iimb","India","Digital Business Models and Strategy","https://eep.iimb.ac.in/view-all-programs/","","Campus","3 Days","3","0.6","","","","Unknown","","","","","","team competitor sheet v3","","","2026-01-05","TBH","","Yes","","","No","","team-sheet",""
"IIM Bangalore","iimb","India","Technology Leadership and Future of Work: Thriving Amidst Technological Change","https://eep.iimb.ac.in/view-all-programs/","","Campus","3 Days","3","0.6","","","","Unknown","","","","","","team competitor sheet v3","","","2026-03-05","TBH","","Yes","","","No","","team-sheet",""
"IIM Bangalore","iimb","India","Global Executive Master of Business Administration – Aerospace Management (GEMBA Batch 7)","https://eep.iimb.ac.in/course/global-executive-master-of-business-administration-aerospace-management-gemba-batch-6/","","Campus","10 Months","","43.3","Rs. 15,00,000","INR","1500000","Mid-career","","Mid-Senior","","","","team competitor sheet v3","","","2025-08-22","2026-07-31","No","Yes","No","","Yes","","team-sheet",""
"IIM Bangalore","iimb","India","General Management Programme for IT Executives – Batch 20","https://eep.iimb.ac.in/view-all-programs/","","Unknown","10 Months","","43.3","","","","Unknown","","","","","","team competitor sheet v3","","","2026-02-01","TBH","","","","","","","team-sheet",""
