"school","school_slug","region","programme_name","url","school_category","format","duration_raw","duration_days","duration_weeks","fee_raw","fee_currency","fee_amount","level","partner","target_audience","key_topics","is_new_2025_26","next_start","source_note","scheduled_runs"
"INSEAD","insead","Global","Advanced Management Programme","https://www.insead.edu/executive-education/general-management/advanced-management-programme","General Management;Top Management","Campus","4 weeks","20","","€47,500","EUR","47500","C-suite/Senior","","C-Level Executive; Entrepreneur; General Manager; Director; Head of Function","","","9 Nov 2026","programme page fetched (fee + dates + campus) | campuses: Fontainebleau; Singapore","3"
"INSEAD","insead","Global","Transition to General Management","https://www.insead.edu/executive-education/general-management/transition-general-management","General Management","Campus","2 + 2 weeks","20","","","","","Unknown","","","","","","topic page fetched (insead.edu/executive-education/<topic>) | campuses: Fontainebleau; Singapore; Abu Dhabi",""
"INSEAD","insead","Global","Management Acceleration Programme","https://www.insead.edu/executive-education/general-management/management-acceleration-programme","General Management","Blended","Approximately 2 months","","","","","","Mid-career","","","","","","topic page fetched (insead.edu/executive-education/<topic>) | campuses: Singapore",""
"INSEAD","insead","Global","Human Capital in the Age of AI","https://www.insead.edu/executive-education/top-management/human-capital-age-ai","Top Management;Digital Transformation & AI","Campus","3 days","3","","","","","C-suite/Senior","","","","","","topic page fetched (insead.edu/executive-education/<topic>) | campuses: Singapore",""
"INSEAD","insead","Global","AVIRA: Awareness, Vision, Imagination, Role, Action","https://www.insead.edu/executive-education/top-management/avira-awareness-vision-imagination-role-action","Top Management","Campus","5 days","5","","","","","C-suite/Senior","","","","","","topic page fetched (insead.edu/executive-education/<topic>) | campuses: Fontainebleau; Singapore",""
"INSEAD","insead","Global","LEAP: Leadership Excellence through Awareness and Practice","https://www.insead.edu/executive-education/top-management/leap-leadership-excellence-awareness-practice","Top Management","Campus","10 + 5 + 5 days","20","","","","","C-suite/Senior","","","","","","topic page fetched (insead.edu/executive-education/<topic>) | campuses: Fontainebleau",""
"INSEAD","insead","Global","The Challenge of Leadership","https://www.insead.edu/executive-education/top-management/challenge-leadership","Top Management","Campus","5 + 5 + 5 + 5 days","20","","","","","C-suite/Senior","","","","","","topic page fetched (insead.edu/executive-education/<topic>) | campuses: Fontainebleau",""
"INSEAD","insead","Global","INSEAD for Impact","https://www.insead.edu/executive-education/leadership/insead-impact","Leadership","Campus","","","","","","","Unknown","","","","","","topic page fetched (insead.edu/executive-education/<topic>) | campuses: Singapore",""
"INSEAD","insead","Global","Reinventing Teams with AI","https://www.insead.edu/executive-education/leadership/reinventing-teams-ai","Leadership;Digital Transformation & AI","Campus","3 days","3","","","","","Unknown","","","","","","topic page fetched (insead.edu/executive-education/<topic>) | campuses: Fontainebleau",""
"INSEAD","insead","Global","Collaborative Leadership","https://www.insead.edu/executive-education/leadership/collaborative-leadership","Leadership","Campus","5 days","5","","","","","Unknown","","","","","","topic page fetched (insead.edu/executive-education/<topic>) | campuses: Fontainebleau",""
"INSEAD","insead","Global","Leading Teams","https://www.insead.edu/executive-education/leadership/leading-teams","Leadership","Campus","5 days","5","","","","","Unknown","","","","","","topic page fetched (insead.edu/executive-education/<topic>) | campuses: Fontainebleau",""
"INSEAD","insead","Global","Learning to Lead","https://www.insead.edu/executive-education/leadership/learning-lead","Leadership","Campus","4 days","4","","","","","Unknown","","","","","","topic page fetched (insead.edu/executive-education/<topic>) | campuses: Fontainebleau",""
"INSEAD","insead","Global","High Impact Leadership Programme","https://www.insead.edu/executive-education/leadership/high-impact-leadership-programme","Leadership","Campus","5 days","5","","","","","Unknown","","","","","","topic page fetched (insead.edu/executive-education/<topic>) | campuses: Singapore; Fontainebleau; Abu Dhabi",""
"INSEAD","insead","Global","Leading for Results","https://www.insead.edu/executive-education/leadership/leading-results","Leadership","Campus","5 days","5","","","","","Unknown","","","","","","topic page fetched (insead.edu/executive-education/<topic>) | campuses: Fontainebleau; Singapore",""
"INSEAD","insead","Global","Women Leaders Programme","https://www.insead.edu/executive-education/leadership/women-leaders-programme","Leadership","Campus","4 days","4","","","","","Unknown","","","","","","topic page fetched (insead.edu/executive-education/<topic>) | campuses: Fontainebleau",""
"INSEAD","insead","Global","The Leadership Transition","https://www.insead.edu/executive-education/leadership/leadership-transition","Leadership","Campus","5 + 2 days","7","","","","","Unknown","","","","","","topic page fetched (insead.edu/executive-education/<topic>) | campuses: Fontainebleau",""
"INSEAD","insead","Global","Leading Change in an Age of Digital Transformation","https://www.insead.edu/executive-education/leadership/leading-change-age-digital-transformation","Leadership;Digital Transformation & AI","Campus","4 days","4","","","","","Unknown","","","","","","topic page fetched (insead.edu/executive-education/<topic>) | campuses: Fontainebleau",""
"INSEAD","insead","Global","Leading Successful Change","https://www.insead.edu/executive-education/leadership/leading-successful-change","Leadership","Campus","4 days","4","","","","","Unknown","","","","","","topic page fetched (insead.edu/executive-education/<topic>) | campuses: Fontainebleau; Singapore",""
"INSEAD","insead","Global","Strategic Decision Making for Leaders","https://www.insead.edu/executive-education/leadership/strategic-decision-making-leaders","Leadership","Campus","4 days","4","","","","","Unknown","","","","","","topic page fetched (insead.edu/executive-education/<topic>) | campuses: Fontainebleau; Abu Dhabi; Singapore",""
"INSEAD","insead","Global","Leading Across Borders and Cultures","https://www.insead.edu/executive-education/leadership/leading-across-borders-cultures","Leadership","Campus","5 days","5","","","","","Unknown","","","","","","topic page fetched (insead.edu/executive-education/<topic>) | campuses: Fontainebleau",""
"INSEAD","insead","Global","INSEAD Blue Ocean Strategy","https://www.insead.edu/executive-education/strategy/blue-ocean-strategy","Strategy;Digital Transformation & AI","Campus","5 days","5","","","","","Unknown","","","","","","topic page fetched (insead.edu/executive-education/<topic>) | campuses: Singapore; Fontainebleau",""
"INSEAD","insead","Global","Competitive Strategy","https://www.insead.edu/executive-education/strategy/competitive-strategy","Strategy","Campus","3 days","3","","","","","Unknown","","","","","","topic page fetched (insead.edu/executive-education/<topic>) | campuses: Fontainebleau",""
"INSEAD","insead","Global","Strategy Execution Programme","https://www.insead.edu/executive-education/strategy/strategy-execution-programme","Strategy","Campus","4 + 4","8","","","","","Unknown","","","","","","topic page fetched (insead.edu/executive-education/<topic>) | campuses: Abu Dhabi; Fontainebleau",""
"INSEAD","insead","Global","M&As and Corporate Strategy","https://www.insead.edu/executive-education/strategy/merger-acquisition-corporate-strategy","Strategy","Campus","5 days","5","","","","","Unknown","","","","","","topic page fetched (insead.edu/executive-education/<topic>) | campuses: Fontainebleau; Singapore",""
"INSEAD","insead","Global","Managing Partnerships and Strategic Alliances","https://www.insead.edu/executive-education/strategy/managing-partnerships-strategic-alliances","Strategy","Campus","5 days","5","","","","","Unknown","","","","","","topic page fetched (insead.edu/executive-education/<topic>) | campuses: Fontainebleau; Singapore",""
"INSEAD","insead","Global","INSEAD Business Sustainability Programme","https://www.insead.edu/executive-education/strategy/business-sustainability-programme","Strategy;R&D and Operations Management;Sustainability","Campus","5 days","5","","","","","Unknown","","","","","","topic page fetched (insead.edu/executive-education/<topic>) | campuses: Fontainebleau",""
"INSEAD","insead","Global","Leading Growth through Innovation and Technology","https://www.insead.edu/executive-education/strategy/leading-growth-through-innovation-and-technology","Strategy;Digital Transformation & AI","Campus","4 days","4","","","","","Unknown","","","","","","topic page fetched (insead.edu/executive-education/<topic>) | campuses: Abu Dhabi",""
"INSEAD","insead","Global","AI for Boards","https://www.insead.edu/executive-education/corporate-governance/ai-boards","Corporate Governance","Campus","4 days","4","","","","","Board","","","","","","topic page fetched (insead.edu/executive-education/<topic>) | campuses: Fontainebleau; Singapore",""
"INSEAD","insead","Global","International Directors Programme","https://www.insead.edu/executive-education/corporate-governance/international-directors-programme","Corporate Governance","Campus","5 + 5 days","10","","","","","Board","","","","","","topic page fetched (insead.edu/executive-education/<topic>) | campuses: Fontainebleau; Abu Dhabi; Singapore",""
"INSEAD","insead","Global","IDP Connect - Boardroom in Practice","https://www.insead.edu/executive-education/corporate-governance/idp-connect-boardroom-practice","Corporate Governance","Campus","","","","","","","Board","","","","","","topic page fetched (insead.edu/executive-education/<topic>) | campuses: Fontainebleau",""
"INSEAD","insead","Global","Aspiring Directors Programme","https://www.insead.edu/executive-education/corporate-governance/aspiring-directors-programme","Corporate Governance","Campus","5 days","5","","","","","Board","","","","","","topic page fetched (insead.edu/executive-education/<topic>) | campuses: Abu Dhabi; Fontainebleau; Singapore",""
"INSEAD","insead","Global","Crisis Management for Boards","https://www.insead.edu/executive-education/corporate-governance/crisis-management-boards","Corporate Governance","Campus","3 days","3","","","","","Board","","","","","","topic page fetched (insead.edu/executive-education/<topic>) | campuses: Fontainebleau",""
"INSEAD","insead","Global","Corporate Strategy for Board Members","https://www.insead.edu/executive-education/corporate-governance/corporate-strategy-board-members","Corporate Governance","Campus","5 days","5","","","","","Board","","","","","","topic page fetched (insead.edu/executive-education/<topic>) | campuses: Fontainebleau",""
"INSEAD","insead","Global","Value Creation for Owners and Directors","https://www.insead.edu/executive-education/corporate-governance/value-creation-owners-directors","Corporate Governance;Strategy","Campus","5 days","5","","","","","Board","","","","","","topic page fetched (insead.edu/executive-education/<topic>) | campuses: Fontainebleau",""
"INSEAD","insead","Global","Leading from the Chair","https://www.insead.edu/executive-education/corporate-governance/leading-from-the-chair","Corporate Governance","Campus","3 days","3","","","","","Board","","","","","","topic page fetched (insead.edu/executive-education/<topic>) | campuses: Fontainebleau",""
"INSEAD","insead","Global","Finance for Executives","https://www.insead.edu/executive-education/finance/finance-executives","Finance","Campus","8 days","8","","","","","Unknown","","","","","","topic page fetched (insead.edu/executive-education/<topic>) | campuses: Fontainebleau; Singapore",""
"INSEAD","insead","Global","Advanced International Corporate Finance","https://www.insead.edu/executive-education/finance/advanced-international-corporate-finance","Finance","Campus","5 days","5","","","","","Functional specialist","","","","","","topic page fetched (insead.edu/executive-education/<topic>) | campuses: Fontainebleau",""
"INSEAD","insead","Global","Strategic Management in Banking","https://www.insead.edu/executive-education/finance/strategic-management-banking","Finance;Strategy","Campus","5 days","5","","","","","Functional specialist","","","","","","topic page fetched (insead.edu/executive-education/<topic>) | campuses: Fontainebleau",""
"INSEAD","insead","Global","AI for Business: Strategic Opportunities with AI","https://www.insead.edu/executive-education/digital-transformation-ai/ai-business-strategic-opportunities-ai","Digital Transformation & AI","Campus","5 days","5","","","","","Unknown","","","","","","topic page fetched (insead.edu/executive-education/<topic>) | campuses: Singapore; Fontainebleau",""
"INSEAD","insead","Global","AI for Business: from Strategy to Execution","https://www.insead.edu/executive-education/digital-transformation-ai/ai-business-strategy-execution","Digital Transformation & AI","Campus","3 days","3","","","","","Unknown","","","","","","topic page fetched (insead.edu/executive-education/<topic>) | campuses: Fontainebleau",""
"INSEAD","insead","Global","Leading AI and Digital Transformation","https://www.insead.edu/executive-education/digital-transformation-ai/leading-ai-and-digital-transformation","Digital Transformation & AI","Campus","5 days","5","","","","","Unknown","","","","","","topic page fetched (insead.edu/executive-education/<topic>) | campuses: Fontainebleau; Singapore",""
"INSEAD","insead","Global","Strategic Marketing Programme","https://www.insead.edu/executive-education/marketing-sales/strategic-marketing-programme","Marketing & Sales;Strategy","Campus","5 days","5","","","","","Functional specialist","","","","","","topic page fetched (insead.edu/executive-education/<topic>) | campuses: Fontainebleau",""
"INSEAD","insead","Global","Leading the Effective Sales Force","https://www.insead.edu/executive-education/marketing-sales/leading-effective-sales-force","Marketing & Sales","Campus","5 days","5","","","","","Functional specialist","","","","","","topic page fetched (insead.edu/executive-education/<topic>) | campuses: Fontainebleau",""
"INSEAD","insead","Global","Leading AI and Digital Marketing Strategy","https://www.insead.edu/executive-education/marketing-sales/leading-ai-and-digital-marketing-strategy","Marketing & Sales;Digital Transformation & AI","Campus","5 days","5","","","","","Functional specialist","","","","","","topic page fetched (insead.edu/executive-education/<topic>) | campuses: Fontainebleau",""
"INSEAD","insead","Global","Negotiation Dynamics","https://www.insead.edu/executive-education/marketing-sales/negotiation-dynamics","Marketing & Sales;Negotiation","Campus","3 days","3","","","","","Functional specialist","","","","","","topic page fetched (insead.edu/executive-education/<topic>) | campuses: Fontainebleau; Abu Dhabi; Singapore",""
"INSEAD","insead","Global","B2B Marketing Strategies","https://www.insead.edu/executive-education/marketing-sales/b2b-marketing-strategies","Marketing & Sales","Campus","5 days","5","","","","","Functional specialist","","","","","","topic page fetched (insead.edu/executive-education/<topic>) | campuses: Fontainebleau",""
"INSEAD","insead","Global","Supply Chain Management","https://www.insead.edu/executive-education/rd-and-operations-management/supply-chain-management","R&D and Operations Management","Campus","5 days","5","","","","","Functional specialist","","","","","","topic page fetched (insead.edu/executive-education/<topic>) | campuses: Fontainebleau",""
"INSEAD","insead","Global","Strategic R&D Management","https://www.insead.edu/executive-education/rd-and-operations-management/strategic-rd-management","R&D and Operations Management;Strategy","Campus","5 days","5","","","","","Functional specialist","","","","","","topic page fetched (insead.edu/executive-education/<topic>) | campuses: Fontainebleau",""
"INSEAD","insead","Global","Entrepreneurship: New Business Ventures","https://www.insead.edu/executive-education/entrepreneurship/entrepreneurship-new-business-ventures","Entrepreneurship & Family Business","Campus","5 days","5","","","","","Unknown","","","","","","topic page fetched (insead.edu/executive-education/<topic>) | campuses: Fontainebleau",""
"INSEAD","insead","Global","Essentials of Coaching","https://www.insead.edu/executive-education/coaching/essentials-coaching","Coaching","Campus","5 days","5","","","","","Functional specialist","","","","","November 2026","coaching hub page fetched | campuses: Fontainebleau",""
"INSEAD","insead","Global","INSEAD Coaching Certificate","https://www.insead.edu/executive-education/coaching/coaching-certificate","Coaching","Campus","4.5 + 4 + 3 days","12","","","","","Functional specialist","","","","","Nov 2026","coaching hub page fetched | campuses: Fontainebleau","3"
"INSEAD","insead","Global","Advanced Programme in Coaching Groups","https://www.insead.edu/executive-education/coaching/advanced-programme-coaching-groups","Coaching","Campus","","","","","","","Functional specialist","","","","","","coaching hub page fetched | campuses: Fontainebleau",""
"INSEAD","insead","Global","Virtual Executive Coaching","https://www.insead.edu/executive-education/insead-executive-coaching/coaching-sessions","Coaching","Live Online","Four one-to-one sessions","","","","","","Mixed","","","","","","coaching hub page fetched",""
"INSEAD","insead","Global","Lead the Future","https://www.insead.edu/executive-education/open-online-programmes/lead-future","Leadership;Open Online Programmes","Blended","1 year","","","","","","C-suite/Senior","","","","","","online programmes index + topic pages fetched",""
"INSEAD","insead","Global","Developing Emerging Leaders","https://www.insead.edu/executive-education/open-online-programmes/developing-emerging-leaders","Leadership;Open Online Programmes","Live Online","5 content weeks","","5","","","","Early/Emerging","","","","","","online programmes index + topic pages fetched",""
"INSEAD","insead","Global","Leading Organisations in Disruptive Times","https://www.insead.edu/executive-education/open-online-programmes/leading-organisations-disruptive-times","Leadership;Digital Transformation & AI;Open Online Programmes","Live Online","6 content weeks","","6","","","","Mid-career","","","","","","online programmes index + topic pages fetched",""
"INSEAD","insead","Global","Strategy in the Age of Digital and AI","https://www.insead.edu/executive-education/open-online-programmes/strategy-age-digital-ai","Digital Transformation & AI;Strategy;Open Online Programmes","Live Online","5 content weeks","","5","","","","Mid-career","","","","","","online programmes index + topic pages fetched",""
"INSEAD","insead","Global","Impactful Communication for Leaders","https://www.insead.edu/executive-education/open-online-programmes/impactful-communication-leaders","Leadership;Open Online Programmes","Live Online","5 content weeks","","5","","","","Mid-career","","","","","","online programmes index + topic pages fetched",""
"INSEAD","insead","Global","Executive Presence and Influence","https://www.insead.edu/executive-education/open-online-programmes/executive-presence-influence","Leadership;Open Online Programmes","Live Online","5 content weeks","","5","","","","Mid-career","","","","","","online programmes index + topic pages fetched",""
"INSEAD","insead","Global","Business Strategy and Financial Performance","https://www.insead.edu/executive-education/open-online-programmes/business-strategy-financial-performance","Strategy;Finance;Open Online Programmes","Live Online","7 content weeks","","7","","","","Mid-career","","","","","","online programmes index + topic pages fetched",""
"INSEAD","insead","Global","Financial Analysis for Non-Financial Managers","https://www.insead.edu/executive-education/open-online-programmes/financial-analysis-managers","Finance;Open Online Programmes","Live Online","5 content weeks","","5","","","","Mid-career","","","","","","online programmes index + topic pages fetched",""
"INSEAD","insead","Global","Driving Digital Marketing Strategy","https://www.insead.edu/executive-education/open-online-programmes/driving-digital-marketing-strategy","Marketing & Sales;Open Online Programmes","Live Online","","","","","","","Functional specialist","","","","","","online programmes index + topic pages fetched",""
"INSEAD","insead","Global","Transforming Your Business with AI","https://www.insead.edu/executive-education/open-online-programmes/transform-business-ai","Open Online Programmes;Digital Transformation & AI;General Management","Live Online","5 content weeks","","5","€ 2,100","EUR","2100","Mixed","","Board Member; C-Level Executive; Chair of Board; Entrepreneur; General Manager; Director; Head of Function; Manager/Team Lead; Consultant; Specialist; Young Professional","","","1 Mar 2027","programme page fetched (fee published); online-programmes index credits Emeritus for this title but the programme page names no partner",""
"INSEAD","insead","Global","Building Strategic Partnerships and Ecosystems","https://www.insead.edu/executive-education/open-online-programmes/building-strategic-partnerships-ecosystems","Microcredentials;Open Online Programmes","Self-paced Online","6–8 hours","","","","","","Mixed","","","","","","microcredentials page fetched",""
"INSEAD","insead","Global","Leading Through Change and Uncertainty","https://www.insead.edu/executive-education/open-online-programmes/leading-through-change-uncertainty","Microcredentials;Open Online Programmes","Self-paced Online","6–8 hours","","","","","","Mixed","","","","","","microcredentials page fetched",""
"INSEAD","insead","Global","Negotiation Fundamentals","https://www.insead.edu/executive-education/open-online-programmes/negotiation-fundamentals","Microcredentials;Open Online Programmes","Self-paced Online","6–8 hours","","","","","","Mixed","","","","","","microcredentials page fetched",""
"INSEAD","insead","Global","Mastering Creative Thinking","https://www.insead.edu/executive-education/open-online-programmes/mastering-creative-thinking","Microcredentials;Open Online Programmes","Self-paced Online","6–8 hours","","","","","","Mixed","","","","","","microcredentials page fetched",""
"INSEAD","insead","Global","Driving Innovation for Growth","https://www.insead.edu/executive-education/open-online-programmes/driving-innovation-growth","Microcredentials;Open Online Programmes","Self-paced Online","6–8 hours","","","","","","Mixed","","","","","","microcredentials page fetched",""
"INSEAD","insead","Global","Advancing Diversity and Inclusion","https://www.insead.edu/executive-education/open-online-programmes/advancing-diversity-inclusion","Microcredentials;Open Online Programmes","Self-paced Online","6–8 hours","","","","","","Mixed","","","","","","microcredentials page fetched",""
"INSEAD","insead","Global","The Future of Work","https://www.insead.edu/executive-education/open-online-programmes/future-of-work","Microcredentials;Open Online Programmes","Self-paced Online","6–8 hours","","","","","","Mixed","","","","","","microcredentials page fetched",""
"INSEAD","insead","Global","Online Certificate in Business Essentials","https://www.insead.edu/executive-education/insead-online-certificates","Certificates;Open Online Programmes","Live Online","15-18 weeks","","16.5","€5,790","EUR","5790","Mixed","","","","","","certificates page fetched",""
"INSEAD","insead","Global","Online Certificate in Digital Transformation","https://www.insead.edu/executive-education/insead-online-certificates","Certificates;Open Online Programmes","Live Online","15-18 weeks","","16.5","€5,790","EUR","5790","Mixed","","","","","","certificates page fetched",""
"INSEAD","insead","Global","Online Certificate in Negotiation","https://www.insead.edu/executive-education/insead-online-certificates","Certificates;Open Online Programmes","Live Online","~9 weeks","","9","€4,610","EUR","4610","Mixed","","","","","","certificates page fetched",""
"INSEAD","insead","Global","Certificate in Global Management","https://www.insead.edu/executive-education/certificate-global-management","Certificates","Campus","Three short courses (15 days minimum) over four years","15","","","","","Mixed","","","","","","certificates page fetched",""
"INSEAD","insead","Global","Certificate in Corporate Governance","https://www.insead.edu/executive-education/insead-certification-directors","Certificates;Corporate Governance","Campus","Four pillars of study","","","","","","Board","","","","","","certificates page fetched",""
"INSEAD","insead","Global","Advanced Certificate in Corporate Governance","https://www.insead.edu/executive-education/insead-certification-directors","Certificates;Corporate Governance","Campus","Four pillars of study","","","","","","Board","","","","","","certificates page fetched",""
"INSEAD","insead","Global","Chief Operating Officer (COO) Programme","https://www.insead.edu/executive-education/programmes-delivered-emeritus/COO-programme","Partner Programmes;Strategy","Live Online","","","","","","","C-suite/Senior","Emeritus","","","","","programmes-delivered-emeritus index fetched",""
"INSEAD","insead","Global","Chief Strategy Officer (CSO) Programme","https://www.insead.edu/executive-education/programmes-delivered-emeritus/chief-strategy-officer-programme","Partner Programmes;Strategy","Live Online","","","","","","","C-suite/Senior","Emeritus","","","","","programmes-delivered-emeritus index fetched",""
"INSEAD","insead","Global","Sustainability Leadership and Strategy Programme","https://www.insead.edu/executive-education/programmes-delivered-emeritus/sustainability-leadership-strategy-programme","Partner Programmes;Strategy","Live Online","","","","","","","C-suite/Senior","Emeritus","","","","","programmes-delivered-emeritus index fetched",""
"INSEAD","insead","Global","Sustainability Leadership Programme for Senior Executives","https://www.insead.edu/executive-education/programmes-delivered-emeritus/sustainability-leadership-programme-for-senior-executives","Partner Programmes;Strategy","Live Online","","","","","","","C-suite/Senior","Emeritus","","","","","programmes-delivered-emeritus index fetched",""
"INSEAD","insead","Global","M&A Success Strategies","https://www.insead.edu/executive-education/programmes-delivered-emeritus/mergers-acquisitions-success-strategies","Partner Programmes;Strategy","Live Online","","","","","","","Mid-career","Emeritus","","","","","programmes-delivered-emeritus index fetched",""
"INSEAD","insead","Global","Rethinking Global Strategy","https://www.insead.edu/executive-education/programmes-delivered-emeritus/rethinking-global-strategy","Partner Programmes;Strategy","Live Online","","","","","","","Mid-career","Emeritus","","","","","programmes-delivered-emeritus index fetched",""
"INSEAD","insead","Global","Supply Chain Strategies for Business","https://www.insead.edu/executive-education/programmes-delivered-emeritus/supply-chain-strategies-business","Partner Programmes;Strategy","Live Online","","","","","","","Mid-career","Emeritus","","","","","programmes-delivered-emeritus index fetched",""
"INSEAD","insead","Global","INSEAD Hans H. Wahl Impact Entrepreneurship Programme","https://www.insead.edu/executive-education/partner-programmes/insead-hans-h-wahl-impact-entrepreneurship-programme","Partner Programmes;Entrepreneurship & Family Business","Campus","4 days","4","","","","","Mixed","","","","","","partner-programmes index fetched",""
"INSEAD","insead","Global","Product Leadership Programme","https://www.insead.edu/executive-education/partner-programmes/product-leadership-programme","Partner Programmes","Campus","5 days","5","","","","","Mixed","","","","","","partner-programmes index fetched",""
"INSEAD","insead","Global","INSEAD and Scandinavian Executive Institute Partnership Programmes","https://www.insead.edu/executive-education/partner-programmes/insead-and-scandinavian-executive-institute-partnership","Partner Programmes;General Management;Top Management","Campus","","","","","","","Mixed","Scandinavian Executive Institute","","","","","partner-programmes index fetched",""
"INSEAD","insead","Global","CTAM Europe Executive Management Programme","https://www.insead.edu/executive-education/partner-programmes/ctam-europe-executive-management-programme","Partner Programmes;General Management;Leadership","Campus","5 days","5","","","","","Mixed","CTAM Europe","","","","","partner-programmes index fetched",""
"INSEAD","insead","Global","Future Food & Ag Leadership programme from Agrohub and INSEAD","https://www.insead.edu/executive-education/partner-programmes/future-food-ag-leadership-programme-agrohub-agfunder","Partner Programmes;General Management;Leadership;Strategy","Campus","","","","","","","Mixed","Agrohub / AgFunder","","","","","partner-programmes index fetched",""
"INSEAD","insead","Global","INSEAD Healthcare Ethics & Compliance Programme","https://www.insead.edu/executive-education/partner-programmes/insead-healthcare-ethics-compliance-programme","Partner Programmes;Leadership","Campus","","","","","","","Mixed","","","","","","partner-programmes index fetched",""
"INSEAD","insead","Global","SAL-INSEAD Legal Leadership and Strategy Programme","https://www.insead.edu/executive-education/partner-programmes/sal-insead-legal-leadership-and-strategy-programme","Partner Programmes;Leadership;Strategy","Campus","","","","","","","Mixed","Singapore Academy of Law","","","","","partner-programmes index fetched",""
"INSEAD","insead","Global","INSEAD Leadership Programme for Senior Executives – India","https://www.insead.edu/executive-education/partner-programmes/insead-leadership-programme-senior-executives-india","Partner Programmes;Leadership;Finance;General Management","Campus","","","","","","","Mixed","","","","","","partner-programmes index fetched",""
