"school","school_slug","region","programme_name","url","school_category","format","duration_raw","duration_days","duration_weeks","fee_raw","fee_currency","fee_amount","level","partner","target_audience","key_topics","is_new_2025_26","next_start","source_note","channel","mark"
"Indian School of Business","isb","India","Senior Management Programme","https://execed.isb.edu","C-suite Programmes","Blended","52 weeks","","52","₹ 900000 + Taxes","INR","900000","C-suite/Senior","","","","","","verified on live page 2026-09-26","Direct",""
"Indian School of Business","isb","India","Accelerated General Management Programme","https://execed.isb.edu","C-suite Programmes","Blended","44 weeks","","44","₹ 740000 + Taxes","INR","740000","C-suite/Senior","","","","","","verified on live page 2026-09-26","Direct",""
"Indian School of Business","isb","India","Chief Growth & Marketing Officer Programme","https://execed.isb.edu","C-suite Programmes","Blended","43 weeks","","43","₹ 600000 + Taxes","INR","600000","C-suite/Senior","","","","","","verified on live page 2026-09-26","Direct",""
"Indian School of Business","isb","India","Chief Human Resources Officer Programme","https://execed.isb.edu","C-suite Programmes","Blended","43 weeks","","43","₹ 630000 + Taxes","INR","630000","C-suite/Senior","","","","","","verified on live page 2026-09-26","Direct",""
"Indian School of Business","isb","India","Women's Leadership Programme","https://execed.isb.edu","Executive Programmes","Blended","26 weeks","","26","₹ 325000 + Taxes","INR","325000","Mid-career","","","","","","verified on live page 2026-09-26","Direct",""
"Indian School of Business","isb","India","Emerging Leaders Programme","https://execed.isb.edu","Executive Programmes","Blended","35 weeks","","35","₹ 395000 + Taxes","INR","395000","Mid-career","","","","","","verified on live page 2026-09-26","Direct",""
"Indian School of Business","isb","India","Executive Programme in Business Management","https://execed.isb.edu","Executive Programmes","Blended","32 weeks","","32","₹ 325000 + Taxes","INR","325000","Mid-career","","","","","","verified on live page 2026-09-26","Direct",""
"Indian School of Business","isb","India","Executive Programme in Strategy and Leadership","https://execed.isb.edu","Executive Programmes","Blended","38 weeks","","38","₹ 335000 + Taxes","INR","335000","Mid-career","","","","","","verified on live page 2026-09-26","Direct",""
"Indian School of Business","isb","India","Executive Programme in Fintech and AI","https://execed.isb.edu","Executive Programmes","Blended","32 weeks","","32","₹ 295000 + Taxes","INR","295000","Mid-career","","","","","","verified on live page 2026-09-26","Direct",""
"Indian School of Business","isb","India","Strategic Digital Leadership Programme","https://execed.isb.edu","Executive Programmes","Blended","13 weeks","","13","₹ 315000 + Taxes","INR","315000","Mid-career","","","","","","verified on live page 2026-09-26","Direct",""
"Indian School of Business","isb","India","AI for Leaders: Strategy to Action","https://execed.isb.edu","Certificate Programmes","Campus","3 days","3","","₹ 175000 + Taxes","INR","175000","Mixed","","","","","","verified on live page 2026-09-26","Direct",""
"Indian School of Business","isb","India","Public Policy","https://execed.isb.edu","Certificate Programmes","Blended","22 weeks","","22","₹ 125000 + Taxes","INR","125000","Mixed","","","","","","verified on live page 2026-09-26","Direct",""
"Indian School of Business","isb","India","Essentials of Leadership","https://execed.isb.edu","Certificate Programmes","Campus","5 days","5","","₹ 250000 + Taxes","INR","250000","Mixed","","","","","","verified on live page 2026-09-26","Direct",""
"Indian School of Business","isb","India","Powering High-performance Boards Programme","https://execed.isb.edu","Certificate Programmes","Campus","3 days","3","","₹ 200000 + Taxes","INR","200000","Mixed","","","","","","verified on live page 2026-09-26","Direct",""
"Indian School of Business","isb","India","Business Storytelling and Executive Presence","https://execed.isb.edu","Certificate Programmes","Campus","3 days","3","","₹ 125000 + Taxes","INR","125000","Mixed","","","","","","verified on live page 2026-09-26","Direct",""
"Indian School of Business","isb","India","Mastering Negotiation and Influence","https://execed.isb.edu","Certificate Programmes","Campus","3 days","3","","₹ 125000 + Taxes","INR","125000","Mixed","","","","","","verified on live page 2026-09-26","Direct",""
"Indian School of Business","isb","India","Building High-performance Teams","https://execed.isb.edu","Certificate Programmes","Campus","3 days","3","","₹ 125000 + Taxes","INR","125000","Mixed","","","","","","verified on live page 2026-09-26","Direct",""
"Indian School of Business","isb","India","Creating and Scaling Excellence","https://execed.isb.edu","Certificate Programmes","Campus","2 days","2","","₹ 110000 + Taxes","INR","110000","Mixed","","","","","","verified on live page 2026-09-26","Direct",""
"Indian School of Business","isb","India","Mastering Executive Presence","https://execed.isb.edu","Certificate Programmes","Blended","15 weeks","","15","₹ 118000 + Taxes","INR","118000","Mixed","","","","","","verified on live page 2026-09-26","Direct",""
"Indian School of Business","isb","India","Strategy Formulation and Execution","https://execed.isb.edu","Certificate Programmes","Campus","3 days","3","","₹ 125000 + Taxes","INR","125000","Mixed","","","","","","verified on live page 2026-09-26","Direct",""
"Indian School of Business","isb","India","Project Management","https://execed.isb.edu","Certificate Programmes","Blended","24 weeks","","24","₹ 145000 + Taxes","INR","145000","Mixed","","","","","","verified on live page 2026-09-26","Direct",""
"Indian School of Business","isb","India","Operational Excellence for Leaders","https://execed.isb.edu","Certificate Programmes","Campus","2 days","2","","₹ 95000 + Taxes","INR","95000","Mixed","","","","","","verified on live page 2026-09-26","Direct",""
"Indian School of Business","isb","India","AI in Business: Fundamentals to Applications","https://execed.isb.edu","Certificate Programmes","Blended","23 weeks","","23","₹ 145000 + Taxes","INR","145000","Mixed","","","","","","verified on live page 2026-09-26","Direct",""
"Indian School of Business","isb","India","Digital Business Transformation with AI","https://execed.isb.edu","Certificate Programmes","Blended","25 weeks","","25","₹ 208650 + Taxes","INR","208650","Mixed","","","","","","verified on live page 2026-09-26","Direct",""
"Indian School of Business","isb","India","Managing Sales Teams and Distribution Channels","https://execed.isb.edu","Certificate Programmes","Campus","3 days","3","","₹ 120000 + Taxes","INR","120000","Mixed","","","","","","verified on live page 2026-09-26","Direct",""
"Indian School of Business","isb","India","Chief Technology Officer Programme","https://isbexecedu.isb.edu","C-suite Programmes","Live Online","24 weeks","","24","","","","C-suite/Senior","Emeritus","","","","","verified on live page 2026-09-26","Partner","(P)"
"Indian School of Business","isb","India","Chief Digital and AI Officer Programme","https://isbexecedu.isb.edu","C-suite Programmes","Live Online","","","","","","","C-suite/Senior","Emeritus","","","","","verified on live page 2026-09-26","Partner","(P)"
"Indian School of Business","isb","India","Chief Financial Officer Programme","https://imarticus.org","C-suite Programmes","Live Online","8 months","","32","₹ 500000 + Taxes","INR","500000","C-suite/Senior","Imarticus Learning","","","","","verified on live page 2026-09-26","Partner","(P)"
"Indian School of Business","isb","India","Venture Capital and Private Equity Programme","https://isbexecedu.isb.edu","Executive Programmes","Live Online","22 weeks","","22","","","","Mid-career","Emeritus","","","","","verified on live page 2026-09-26","Partner","(P)"
"Indian School of Business","isb","India","Leadership with AI","https://online-em.isb.edu","Certificate Programmes","Live Online","20 weeks","","20","","","","Mixed","Emeritus","","","","","verified on live page 2026-09-26","Partner","(P)"
"Indian School of Business","isb","India","Cybersecurity for Leaders","https://online-em.isb.edu","Certificate Programmes","Live Online","16 weeks","","16","","","","Mixed","Emeritus","","","","","verified on live page 2026-09-26","Partner","(P)"
"Indian School of Business","isb","India","Transforming HR with Analytics and AI","https://online-em.isb.edu","Certificate Programmes","Live Online","16 weeks","","16","","","","Mixed","Emeritus","","","","","verified on live page 2026-09-26","Partner","(P)"
"Indian School of Business","isb","India","Applied Business Analytics","https://online-em.isb.edu","Certificate Programmes","Live Online","14 weeks","","14","","","","Mixed","Emeritus","","","","","verified on live page 2026-09-26","Partner","(P)"
"Indian School of Business","isb","India","Digital Marketing and Analytics","https://online-em.isb.edu","Certificate Programmes","Live Online","12 weeks","","12","","","","Mixed","Emeritus","","","","","verified on live page 2026-09-26","Partner","(P)"
"Indian School of Business","isb","India","Product Management","https://online-em.isb.edu","Certificate Programmes","Live Online","16 weeks","","16","","","","Mixed","Emeritus","","","","","verified on live page 2026-09-26","Partner","(P)"
"Indian School of Business","isb","India","Professional Certificate in Product Management","https://online-em.isb.edu","Certificate Programmes","Live Online","28 weeks","","28","","","","Mixed","Emeritus","","","","","verified on live page 2026-09-26","Partner","(P)"
"Indian School of Business","isb","India","Professional Certificate Programme in Digital Marketing","https://online-em.isb.edu","Certificate Programmes","Live Online","","","","","","","Mixed","Emeritus","","","","","verified on live page 2026-09-26","Partner","(P)"
"Indian School of Business","isb","India","Certificate Programme in IT Project Management","https://online-em.isb.edu","Certificate Programmes","Live Online","12 weeks","","12","","","","Mixed","Emeritus","","","","","verified on live page 2026-09-26","Partner","(P)"
"Indian School of Business","isb","India","Certificate Programme in Healthcare Management","https://online-em.isb.edu","Certificate Programmes","Live Online","12 weeks","","12","","","","Mixed","Emeritus","","","","","verified on live page 2026-09-26","Partner","(P)"
"Indian School of Business","isb","India","Certificate Programme in Healthcare Leadership","https://online-er.isb.edu","Certificate Programmes","Live Online","","","","","","","Mixed","Emeritus","","","","","verified on live page 2026-09-26","Partner","(P)"
"Indian School of Business","isb","India","Certificate Programme in Digital Transformation","https://online-er.isb.edu","Certificate Programmes","Live Online","","","","","","","Mixed","Emeritus","","","","","verified on live page 2026-09-26","Partner","(P)"
