"school","school_slug","region","programme_name","url","school_category","format","duration_raw","duration_days","duration_weeks","fee_raw","fee_currency","fee_amount","level","partner","target_audience","key_topics","is_new_2025_26","next_start","source_note"
"The Wharton School, University of Pennsylvania","wharton","Global","Advanced Management Program","https://executiveeducation.wharton.upenn.edu/for-individuals/all-programs/advanced-management-program/","Comprehensive Executive Programs; Leadership and Management","Campus","5 consecutive weeks (also 4-module on-campus + live online option)","","","$79,000","USD","79000","C-suite/Senior","","","","","September 27 - October 30, 2026; modular Feb 21 - Jun 18, 2027","program-topics landing page fetched: format, location, duration, dates and tuition published verbatim; location: Philadelphia, PA"
"The Wharton School, University of Pennsylvania","wharton","Global","Owner/President/CEO Program","https://executiveeducation.wharton.upenn.edu/for-individuals/all-programs/owner-president-ceo-program/","Comprehensive Executive Programs; Leadership and Management","Campus","3 modules, 5 weeks total over ~14 months","","","$120,000","USD","120000","C-suite/Senior","","","","Y","Module 1: Apr 25 - May 7, 2027","program-topics landing page fetched: format, location, duration, dates and tuition published verbatim; location: Philadelphia, PA; San Francisco, CA"
"The Wharton School, University of Pennsylvania","wharton","Global","CEO Academy®","https://executiveeducation.wharton.upenn.edu/for-individuals/all-programs/ceo-academy/","Leadership and Management","Campus","2 days","2","","$20,000","USD","20000","C-suite/Senior","","","","","October 20-21, 2026","program-topics landing page fetched: format, location, duration, dates and tuition published verbatim; location: New York, NY"
"The Wharton School, University of Pennsylvania","wharton","Global","Executive Development Program","https://executiveeducation.wharton.upenn.edu/for-individuals/all-programs/executive-development-program/","Leadership and Management; Strategy and Innovation","Campus","12 days","12","","$31,000","USD","31000","C-suite/Senior","","","","","March 15-26, 2027","program-topics landing page fetched: format, location, duration, dates and tuition published verbatim; location: Philadelphia, PA"
"The Wharton School, University of Pennsylvania","wharton","Global","Becoming a Leader of Leaders: Pathways for Success","https://executiveeducation.wharton.upenn.edu/for-individuals/all-programs/becoming-a-leader-of-leaders-pathways-for-success/","Leadership and Management","Campus","6 days","6","","$15,250","USD","15250","C-suite/Senior","","","","","May 2-7, 2027","program-topics landing page fetched: format, location, duration, dates and tuition published verbatim; location: Philadelphia, PA"
"The Wharton School, University of Pennsylvania","wharton","Global","Global Strategic Leadership","https://executiveeducation.wharton.upenn.edu/for-individuals/all-programs/global-strategic-leadership/","Leadership and Management","Campus","4 days","4","","$10,750","USD","10750","C-suite/Senior","","","","","March 1-4, 2027","program-topics landing page fetched: format, location, duration, dates and tuition published verbatim; location: Philadelphia, PA"
"The Wharton School, University of Pennsylvania","wharton","Global","AI Strategy and Decision Making","https://executiveeducation.wharton.upenn.edu/for-individuals/all-programs/ai-strategy-and-decision-making/","AI and Analytics","Campus","","","","","","","C-suite/Senior","","","","Y","","all-programs A-Z index fetched (badged New); NOT listed on the AI and Analytics program-topics page, so format defaulted to Campus and NOT verified"
"The Wharton School, University of Pennsylvania","wharton","Global","Leading Organizational Change","https://executiveeducation.wharton.upenn.edu/for-individuals/all-programs/leading-organizational-change/","Leadership and Management","Campus","4 days","4","","$10,750","USD","10750","Mid-career","","","","","February 1-4, 2027","program-topics landing page fetched: format, location, duration, dates and tuition published verbatim; location: Philadelphia, PA"
"The Wharton School, University of Pennsylvania","wharton","Global","The CFO: Becoming a Strategic Partner","https://executiveeducation.wharton.upenn.edu/for-individuals/all-programs/the-cfo-becoming-a-strategic-partner/","Leadership and Management; Finance and Wealth Management","Campus","5 days","5","","$15,250","USD","15250","Functional specialist","","","","","September 28 - October 2, 2026","program-topics landing page fetched: format, location, duration, dates and tuition published verbatim; location: Philadelphia, PA"
"The Wharton School, University of Pennsylvania","wharton","Global","Boards That Lead: Corporate Governance That Builds Value","https://executiveeducation.wharton.upenn.edu/for-individuals/all-programs/boards-that-lead-corporate-governance-that-builds-value/","Leadership and Management","Campus","2 days","2","","$6,900","USD","6900","Board","","","","","February 2-3, 2027","program-topics landing page fetched: format, location, duration, dates and tuition published verbatim; location: Philadelphia, PA"
"The Wharton School, University of Pennsylvania","wharton","Global","Corporate Governance: Essentials for a New Business Era","https://executiveeducation.wharton.upenn.edu/for-individuals/all-programs/corporate-governance-essentials-for-a-new-business-era/","Leadership and Management","Campus","4 days","4","","$10,500","USD","10500","Board","","","","","March 1-4, 2027","program-topics landing page fetched: format, location, duration, dates and tuition published verbatim; location: Philadelphia, PA"
"The Wharton School, University of Pennsylvania","wharton","Global","Women on Boards: Building Exceptional Leaders","https://executiveeducation.wharton.upenn.edu/for-individuals/all-programs/women-on-boards-building-exceptional-leaders/","Leadership and Management","Campus","5 days","5","","$9,850","USD","9850","Board","","","","","May 10-14, 2027","program-topics landing page fetched: format, location, duration, dates and tuition published verbatim; location: Philadelphia, PA"
"The Wharton School, University of Pennsylvania","wharton","Global","Business Essentials for Executives","https://executiveeducation.wharton.upenn.edu/for-individuals/all-programs/business-essentials-for-executives/","Leadership and Management","Campus","5 days","5","","$13,250 (includes meals and accommodations)","USD","13250","Mid-career","","","","","November 2-6, 2026; May 24-28, 2027","program-topics landing page fetched: format, location, duration, dates and tuition published verbatim; location: Philadelphia, PA"
"The Wharton School, University of Pennsylvania","wharton","Global","Effective Decision Making: Thinking Critically and Rationally","https://executiveeducation.wharton.upenn.edu/for-individuals/all-programs/effective-decision-making-thinking-critically-and-rationally/","Leadership and Management","Campus","5 days","5","","$13,250","USD","13250","Mid-career","","","","","November 2-6, 2026","program-topics landing page fetched: format, location, duration, dates and tuition published verbatim; location: Philadelphia, PA"
"The Wharton School, University of Pennsylvania","wharton","Global","High-Potential Leaders: Accelerating Your Impact","https://executiveeducation.wharton.upenn.edu/for-individuals/all-programs/high-potential-leaders-accelerating-your-impact/","Leadership and Management","Campus","5 days","5","","$14,750","USD","14750","Early/Emerging","","","","","November 16-20, 2026","program-topics landing page fetched: format, location, duration, dates and tuition published verbatim; location: Philadelphia, PA"
"The Wharton School, University of Pennsylvania","wharton","Global","Leading and Managing People: Strategies for a Changing Workforce","https://executiveeducation.wharton.upenn.edu/for-individuals/all-programs/leading-and-managing-people-strategies-for-a-changing-workforce/","Leadership and Management","Campus","5 days","5","","$12,500","USD","12500","Mid-career","","","","Y","August 31 - September 4, 2026; October 11-15, 2027","program-topics landing page fetched: format, location, duration, dates and tuition published verbatim; location: Philadelphia, PA"
"The Wharton School, University of Pennsylvania","wharton","Global","The Neuroscience of Business: Innovations in Leadership and Strategic Decisions","https://executiveeducation.wharton.upenn.edu/for-individuals/all-programs/the-neuroscience-of-business-innovations-in-leadership-and-strategic-decisions/","Leadership and Management","Campus","5 days","5","","$12,250","USD","12250","Mid-career","","","","","May 10-14, 2027","program-topics landing page fetched: format, location, duration, dates and tuition published verbatim; location: Philadelphia, PA"
"The Wharton School, University of Pennsylvania","wharton","Global","The Resilient Leader: Strategies for Leading Through Uncertainty","https://executiveeducation.wharton.upenn.edu/for-individuals/all-programs/the-resilient-leader/","Leadership and Management","Campus","4 days","4","","$10,750","USD","10750","Mid-career","","","","Y","November 10-13, 2026","program-topics landing page fetched: format, location, duration, dates and tuition published verbatim; location: Philadelphia, PA"
"The Wharton School, University of Pennsylvania","wharton","Global","Women's Executive Leadership: Business Strategies for Success","https://executiveeducation.wharton.upenn.edu/for-individuals/all-programs/womens-executive-leadership-business-strategies-for-success/","Leadership and Management","Campus","5 days","5","","","","","Mid-career","","","","","","program-topics landing page fetched: format, location, duration, dates and tuition published verbatim; location: Philadelphia, PA; India (Women's Executive Leadership - India edition)"
"The Wharton School, University of Pennsylvania","wharton","Global","Executive Influence: Increasing Your Impact with Persuasion and Power","https://executiveeducation.wharton.upenn.edu/for-individuals/all-programs/executive-influence-increasing-your-impact-with-persuasion-and-power/","Leadership and Management","Campus","5 days","5","","$13,750","USD","13750","Mid-career","","","","","March 15-19, 2027","program-topics landing page fetched: format, location, duration, dates and tuition published verbatim; location: Philadelphia, PA"
"The Wharton School, University of Pennsylvania","wharton","Global","Executive Negotiation Workshop: Negotiate with Confidence","https://executiveeducation.wharton.upenn.edu/for-individuals/all-programs/executive-negotiation-workshop/","Leadership and Management","Campus","5 days","5","","$13,750","USD","13750","Mid-career","","","","","November 9-13, 2026","program-topics landing page fetched: format, location, duration, dates and tuition published verbatim; location: Philadelphia, PA"
"The Wharton School, University of Pennsylvania","wharton","Global","Health Care Leadership and Management: Leading Through Change","https://executiveeducation.wharton.upenn.edu/for-individuals/all-programs/health-care-leadership-and-management-leading-through-change/","Leadership and Management","Campus","5 days","5","","$12,500","USD","12500","Functional specialist","","","","","April 12-16, 2027","program-topics landing page fetched: format, location, duration, dates and tuition published verbatim; location: Philadelphia, PA"
"The Wharton School, University of Pennsylvania","wharton","Global","Wharton Nursing Leaders Program","https://executiveeducation.wharton.upenn.edu/for-individuals/all-programs/wharton-nursing-leaders-program/","Leadership and Management","Campus","5 days","5","","$7,650","USD","7650","Functional specialist","","","","","December 7-11, 2026","program-topics landing page fetched: format, location, duration, dates and tuition published verbatim; location: Philadelphia, PA"
"The Wharton School, University of Pennsylvania","wharton","Global","Wharton/ASIS Program for Security Executives: Making the Business Case for Security","https://executiveeducation.wharton.upenn.edu/for-individuals/all-programs/wharton-asis-program-for-security-executives/","Leadership and Management","Campus","","","","","","","Functional specialist","","","","","","program-topics landing page fetched: format, location, duration, dates and tuition published verbatim; location: Philadelphia, PA"
"The Wharton School, University of Pennsylvania","wharton","Global","Advanced Corporate Finance","https://executiveeducation.wharton.upenn.edu/for-individuals/all-programs/advanced-corporate-finance/","Finance and Wealth Management","Campus","5 days","5","","$13,250","USD","13250","Functional specialist","","","","","September 13-17, 2027","program-topics landing page fetched: format, location, duration, dates and tuition published verbatim; location: Philadelphia, PA"
"The Wharton School, University of Pennsylvania","wharton","Global","Corporate Valuation","https://executiveeducation.wharton.upenn.edu/for-individuals/all-programs/corporate-valuation/","Finance and Wealth Management","Campus","5 days","5","","$13,250","USD","13250","Functional specialist","","","","","May 17-21, 2027","program-topics landing page fetched: format, location, duration, dates and tuition published verbatim; location: Philadelphia, PA"
"The Wharton School, University of Pennsylvania","wharton","Global","Finance and Accounting for the Non-Financial Manager","https://executiveeducation.wharton.upenn.edu/for-individuals/all-programs/finance-and-accounting-for-the-non-financial-manager/","Finance and Wealth Management","Campus","5 days","5","","$13,250","USD","13250","Mid-career","","","","","October 26-30, 2026","program-topics landing page fetched: format, location, duration, dates and tuition published verbatim; location: Philadelphia, PA"
"The Wharton School, University of Pennsylvania","wharton","Global","Mergers and Acquisitions","https://executiveeducation.wharton.upenn.edu/for-individuals/all-programs/mergers-and-acquisitions/","Finance and Wealth Management; Strategy and Innovation","Campus","6 days","6","","$15,250","USD","15250","Functional specialist","","","","","January 24-29, 2027","program-topics landing page fetched: format, location, duration, dates and tuition published verbatim; location: Philadelphia, PA"
"The Wharton School, University of Pennsylvania","wharton","Global","Scaling Business for Profitable Growth","https://executiveeducation.wharton.upenn.edu/for-individuals/all-programs/scaling-business-for-profitable-growth/","Finance and Wealth Management; Strategy and Innovation","Campus","5 days","5","","$13,250","USD","13250","C-suite/Senior","","","","","November 15-19, 2026","program-topics landing page fetched: format, location, duration, dates and tuition published verbatim; location: San Francisco, CA"
"The Wharton School, University of Pennsylvania","wharton","Global","Wharton Finance for Executives","https://executiveeducation.wharton.upenn.edu/for-individuals/all-programs/wharton-finance-for-executives/","Finance and Wealth Management","Campus","5 days","5","","$13,750","USD","13750","Mid-career","","","","","October 12-16, 2026","program-topics landing page fetched: format, location, duration, dates and tuition published verbatim; location: Philadelphia, PA"
"The Wharton School, University of Pennsylvania","wharton","Global","Assessing Commercial Real Estate Investments and Markets","https://executiveeducation.wharton.upenn.edu/for-individuals/all-programs/assessing-commercial-real-estate-investments-and-markets/","Finance and Wealth Management","Campus","4 days","4","","$10,750","USD","10750","Functional specialist","","","","","December 8-11, 2026","program-topics landing page fetched: format, location, duration, dates and tuition published verbatim; location: Philadelphia, PA"
"The Wharton School, University of Pennsylvania","wharton","Global","Distressed Asset Investing and Corporate Restructuring","https://executiveeducation.wharton.upenn.edu/for-individuals/all-programs/distressed-asset-investing-and-corporate-restructuring/","Finance and Wealth Management","Campus","5 days","5","","$13,250","USD","13250","Functional specialist","","","","","February 22-26, 2027","program-topics landing page fetched: format, location, duration, dates and tuition published verbatim; location: Philadelphia, PA"
"The Wharton School, University of Pennsylvania","wharton","Global","Fixed Income and Credit Market Investing","https://executiveeducation.wharton.upenn.edu/for-individuals/all-programs/fixed-income-and-credit-market-investing/","Finance and Wealth Management","Campus","5 days","5","","$12,875","USD","12875","Functional specialist","","","","Y","April 12-16, 2027","program-topics landing page fetched: format, location, duration, dates and tuition published verbatim; location: Philadelphia, PA"
"The Wharton School, University of Pennsylvania","wharton","Global","Investment Strategies and Portfolio Management","https://executiveeducation.wharton.upenn.edu/for-individuals/all-programs/investment-strategies-and-portfolio-management/","Finance and Wealth Management","Campus","5 days","5","","$13,750","USD","13750","Functional specialist","","","","","October 19-23, 2026","program-topics landing page fetched: format, location, duration, dates and tuition published verbatim; location: Philadelphia, PA"
"The Wharton School, University of Pennsylvania","wharton","Global","Private Equity: Investing and Creating Value","https://executiveeducation.wharton.upenn.edu/for-individuals/all-programs/private-equity-investing-and-creating-value/","Finance and Wealth Management","Campus","6 days","6","","$14,500","USD","14500","Functional specialist","","","","","January 31 - February 5, 2027","program-topics landing page fetched: format, location, duration, dates and tuition published verbatim; location: Philadelphia, PA"
"The Wharton School, University of Pennsylvania","wharton","Global","Venture Capital","https://executiveeducation.wharton.upenn.edu/for-individuals/all-programs/venture-capital/","Finance and Wealth Management","Campus","6 days","6","","$15,250","USD","15250","Functional specialist","","","","","November 8-13, 2026","program-topics landing page fetched: format, location, duration, dates and tuition published verbatim; location: Philadelphia, PA"
"The Wharton School, University of Pennsylvania","wharton","Global","Family Wealth Management: Advanced Financial Strategies","https://executiveeducation.wharton.upenn.edu/for-individuals/all-programs/family-wealth-management-advanced-financial-strategies/","Finance and Wealth Management","Campus","5 days","5","","$13,250","USD","13250","Functional specialist","","","","Y","October 5-9, 2026","program-topics landing page fetched: format, location, duration, dates and tuition published verbatim; location: Philadelphia, PA"
"The Wharton School, University of Pennsylvania","wharton","Global","Private Wealth Management","https://executiveeducation.wharton.upenn.edu/for-individuals/all-programs/private-wealth-management/","Finance and Wealth Management","Campus","5 days","5","","$17,845","USD","17845","Functional specialist","","","","","April 25-30, 2027","program-topics landing page fetched: format, location, duration, dates and tuition published verbatim; location: Philadelphia, PA"
"The Wharton School, University of Pennsylvania","wharton","Global","Wharton Family Office Program: Balancing Family Harmony and Financial Prosperity","https://executiveeducation.wharton.upenn.edu/for-individuals/all-programs/wharton-family-office-program-balancing-family-harmony-and-financial-prosperity/","Finance and Wealth Management","Campus","5 days","5","","$13,250","USD","13250","Functional specialist","","","","Y","January 18-22, 2027","program-topics landing page fetched: format, location, duration, dates and tuition published verbatim; location: Philadelphia, PA"
"The Wharton School, University of Pennsylvania","wharton","Global","Business Model Innovation in the Age of AI","https://executiveeducation.wharton.upenn.edu/for-individuals/all-programs/business-model-innovation-in-the-age-of-ai/","Strategy and Innovation; AI and Analytics","Campus","5 days","5","","$13,250","USD","13250","C-suite/Senior","","","","","November 9-13, 2026","program-topics landing page fetched: format, location, duration, dates and tuition published verbatim; location: Philadelphia, PA"
"The Wharton School, University of Pennsylvania","wharton","Global","Effective Execution of Organizational Strategy","https://executiveeducation.wharton.upenn.edu/for-individuals/all-programs/effective-execution-of-organizational-strategy/","Strategy and Innovation","Campus","5 days","5","","$13,250","USD","13250","Mid-career","","","","","October 5-9, 2026","program-topics landing page fetched: format, location, duration, dates and tuition published verbatim; location: Philadelphia, PA"
"The Wharton School, University of Pennsylvania","wharton","Global","Generative AI and Business Transformation","https://executiveeducation.wharton.upenn.edu/for-individuals/all-programs/generative-ai-and-business-transformation/","Strategy and Innovation; AI and Analytics","Campus","4 days","4","","$13,500","USD","13500","C-suite/Senior","","","","","November 16-19, 2026","program-topics landing page fetched: format, location, duration, dates and tuition published verbatim; location: Philadelphia, PA"
"The Wharton School, University of Pennsylvania","wharton","Global","Leading AI and Digital Transformation","https://executiveeducation.wharton.upenn.edu/for-individuals/all-programs/leading-ai-and-digital-transformation/","Strategy and Innovation; AI and Analytics","Campus","5 days","5","","$13,250","USD","13250","C-suite/Senior","","","","","October 19-23, 2026","program-topics landing page fetched: format, location, duration, dates and tuition published verbatim; location: Philadelphia, PA"
"The Wharton School, University of Pennsylvania","wharton","Global","Strategy and Management for Competitive Advantage","https://executiveeducation.wharton.upenn.edu/for-individuals/all-programs/strategy-and-management-for-competitive-advantage/","Strategy and Innovation","Campus","5 days","5","","$13,250","USD","13250","Mid-career","","","","","September 28 - October 2, 2026","program-topics landing page fetched: format, location, duration, dates and tuition published verbatim; location: Philadelphia, PA"
"The Wharton School, University of Pennsylvania","wharton","Global","Analytics for Strategic Growth: AI, Smart Data, and Customer Insights","https://executiveeducation.wharton.upenn.edu/for-individuals/all-programs/analytics-for-strategic-growth-ai-smart-data-and-customer-insights/","AI and Analytics; Marketing","Campus","5 days","5","","$13,250","USD","13250","Mid-career","","","","","November 2-6, 2026","program-topics landing page fetched: format, location, duration, dates and tuition published verbatim; location: Philadelphia, PA"
"The Wharton School, University of Pennsylvania","wharton","Global","Pricing Strategies: Measuring, Capturing, and Retaining Value","https://executiveeducation.wharton.upenn.edu/for-individuals/all-programs/pricing-strategies-measuring-capturing-and-retaining-value/","Marketing","Campus","5 days","5","","$12,850","USD","12850","Functional specialist","","","","","July 12-16, 2027","program-topics landing page fetched: format, location, duration, dates and tuition published verbatim; location: Philadelphia, PA"
"The Wharton School, University of Pennsylvania","wharton","Global","Strategic Marketing for Competitive Advantage","https://executiveeducation.wharton.upenn.edu/for-individuals/all-programs/strategic-marketing-for-competitive-advantage/","Marketing","Campus","5 days","5","","$12,875","USD","12875","Functional specialist","","","","","November 16-20, 2026","program-topics landing page fetched: format, location, duration, dates and tuition published verbatim; location: Philadelphia, PA"
"The Wharton School, University of Pennsylvania","wharton","Global","ABA Stonier Graduate School of Banking Program","https://executiveeducation.wharton.upenn.edu/for-individuals/all-programs/aba-stonier-graduate-school-of-banking-program/","Finance and Wealth Management","Campus","","","","","","","Mixed","","","","","","all-programs A-Z index fetched; association co-hosted programme on Wharton campus, co-host: American Bankers Association; no format/fee published on listing"
"The Wharton School, University of Pennsylvania","wharton","Global","CUES CEO Institute 1: Strategic Planning Program","https://executiveeducation.wharton.upenn.edu/for-individuals/all-programs/cues-ceo-institute-1-strategic-planning-program/","Leadership and Management","Campus","","","","","","","Mixed","","","","","","all-programs A-Z index fetched; association co-hosted programme on Wharton campus, co-host: CUES; no format/fee published on listing"
"The Wharton School, University of Pennsylvania","wharton","Global","International Foundation of Employee Benefit Plans: Investment Courses","https://executiveeducation.wharton.upenn.edu/for-individuals/all-programs/international-foundation-of-employee-benefit-plans/","Finance and Wealth Management","Campus","","","","","","","Mixed","","","","","","all-programs A-Z index fetched; association co-hosted programme on Wharton campus, co-host: IFEBP; no format/fee published on listing"
"The Wharton School, University of Pennsylvania","wharton","Global","Securities Industry Institute®","https://executiveeducation.wharton.upenn.edu/for-individuals/all-programs/sifma-securities-industry-institute/","Finance and Wealth Management","Campus","","","","","","","Mixed","","","","","","all-programs A-Z index fetched; association co-hosted programme on Wharton campus, co-host: SIFMA; no format/fee published on listing"
"The Wharton School, University of Pennsylvania","wharton","Global","Strategies for Accountable AI","https://executiveeducation.wharton.upenn.edu/for-individuals/all-programs/strategies-for-accountable-ai/","AI and Analytics; Strategy and Innovation","Live Online","8 weeks","","8","$8,000","USD","8000","Mid-career","","","","Y","September 25 - November 20, 2026; March 3 - April 28, 2027","program-topics landing page fetched: format, location, duration, dates and tuition published verbatim"
"The Wharton School, University of Pennsylvania","wharton","Global","The Manager's Playbook: Building Trust, Accountability, and Performance","https://executiveeducation.wharton.upenn.edu/for-individuals/all-programs/the-managers-playbook-building-trust-accountability-and-performance/","Leadership and Management","Blended","6 weeks live online plus asynchronous hours","","6","$5,250","USD","5250","Early/Emerging","","","","Y","April 6 - May 18, 2027","program-topics landing page fetched: format, location, duration, dates and tuition published verbatim"
"The Wharton School, University of Pennsylvania","wharton","Global","AI in Marketing: Creating Customer Value in an AI-Driven Enterprise","https://executiveeducation.wharton.upenn.edu/for-individuals/all-programs/ai-in-marketing-creating-customer-value-in-an-ai-driven-enterprise/","Marketing; AI and Analytics","Blended","~2 weeks (self-paced online modules + live online sessions + in-person experience)","","2","$9,350","USD","9350","Functional specialist","","","","Y","April 13-29, 2027","program-topics landing page fetched: format, location, duration, dates and tuition published verbatim"
"The Wharton School, University of Pennsylvania","wharton","Global","General Management Program","https://executiveeducation.wharton.upenn.edu/for-individuals/all-programs/general-management-program/","Comprehensive Executive Programs; Leadership and Management","Blended","Flexible learning journey (multiple programmes, on campus + live online)","","","$82,500","USD","82500","C-suite/Senior","","","","","Flexible enrolment","program-topics landing page fetched: format, location, duration, dates and tuition published verbatim"
"The Wharton School, University of Pennsylvania","wharton","Global","Advanced Finance Program","https://executiveeducation.wharton.upenn.edu/for-individuals/all-programs/advanced-finance-program/","Comprehensive Executive Programs; Finance and Wealth Management","Blended","Flexible learning journey (multiple programmes)","","","$82,500","USD","82500","Functional specialist","","","","","Flexible enrolment","program-topics landing page fetched: format, location, duration, dates and tuition published verbatim"
"The Wharton School, University of Pennsylvania","wharton","Global","Asset and Portfolio Management Certificate","https://executiveeducation.wharton.upenn.edu/for-individuals/all-programs/asset-and-portfolio-management-certificate/","Finance and Wealth Management","Self-paced Online","4 weeks per course","","4","$3,300","USD","3300","Functional specialist","","","","","Enrol immediately","program-topics landing page fetched: format, location, duration, dates and tuition published verbatim; Wharton Online self-paced certificate (school-delivered, NOT a partner)"
"The Wharton School, University of Pennsylvania","wharton","Global","Digital Leadership Certificate Program","https://executiveeducation.wharton.upenn.edu/for-individuals/all-programs/digital-leadership-certificate-online/","Leadership and Management; AI and Analytics","Self-paced Online","4 weeks per course","","4","$3,000","USD","3000","Mid-career","","","","","Enrol immediately","program-topics landing page fetched: format, location, duration, dates and tuition published verbatim; Wharton Online self-paced certificate (school-delivered, NOT a partner)"
"The Wharton School, University of Pennsylvania","wharton","Global","Digital Marketing Certificate Program","https://executiveeducation.wharton.upenn.edu/for-individuals/all-programs/digital-marketing-certificate-online/","Marketing","Self-paced Online","~6 weeks per course","","6","$2,800","USD","2800","Functional specialist","","","","","Enrol immediately","program-topics landing page fetched: format, location, duration, dates and tuition published verbatim; Wharton Online self-paced certificate (school-delivered, NOT a partner)"
"The Wharton School, University of Pennsylvania","wharton","Global","Digital Strategy in the Era of AI Certificate","https://executiveeducation.wharton.upenn.edu/for-individuals/all-programs/digital-strategy-in-the-era-of-ai-certificate/","Strategy and Innovation; AI and Analytics","Self-paced Online","4 weeks per course","","4","$4,950","USD","4950","Mid-career","","","","Y","Enrol immediately","program-topics landing page fetched: format, location, duration, dates and tuition published verbatim; Wharton Online self-paced certificate (school-delivered, NOT a partner)"
"The Wharton School, University of Pennsylvania","wharton","Global","Entrepreneurship Certificate","https://executiveeducation.wharton.upenn.edu/for-individuals/all-programs/entrepreneurship-certificate/","Strategy and Innovation","Self-paced Online","6 weeks per course","","6","$3,850","USD","3850","Early/Emerging","","","","Y","Enrol immediately","program-topics landing page fetched: format, location, duration, dates and tuition published verbatim; Wharton Online self-paced certificate (school-delivered, NOT a partner)"
"The Wharton School, University of Pennsylvania","wharton","Global","Innovation Strategy and Design Thinking Certificate","https://executiveeducation.wharton.upenn.edu/for-individuals/all-programs/innovation-strategy-and-design-thinking-certificate/","Strategy and Innovation","Self-paced Online","6 weeks per course","","6","$3,850","USD","3850","Mid-career","","","","Y","Enrol immediately","program-topics landing page fetched: format, location, duration, dates and tuition published verbatim; Wharton Online self-paced certificate (school-delivered, NOT a partner)"
"The Wharton School, University of Pennsylvania","wharton","Global","Leadership and Management Certificate Program","https://executiveeducation.wharton.upenn.edu/for-individuals/all-programs/leadership-and-management-certificate-online/","Leadership and Management","Self-paced Online","4-6 weeks per course","","6","$4,400","USD","4400","Mid-career","","","","","Enrol immediately","program-topics landing page fetched: format, location, duration, dates and tuition published verbatim; Wharton Online self-paced certificate (school-delivered, NOT a partner)"
"The Wharton School, University of Pennsylvania","wharton","Global","AI for Business","https://executiveeducation.wharton.upenn.edu/for-individuals/all-programs/ai-for-business/","AI and Analytics; Strategy and Innovation","Self-paced Online","4-6 weeks","","6","$850","USD","850","Mixed","","","","","Enrol immediately","all-programs A-Z index + programme page sample (3 of 26 verified: 100% online, 4-6 wks, $850-$1,350, stackable into a Wharton Online certificate); Wharton Online self-paced course, school-delivered"
"The Wharton School, University of Pennsylvania","wharton","Global","Advancing Digital Innovation","https://executiveeducation.wharton.upenn.edu/for-individuals/all-programs/advancing-digital-innovation/","Strategy and Innovation","Self-paced Online","4-6 weeks","","6","","","","Mixed","","","","Y","Enrol immediately","all-programs A-Z index + programme page sample (3 of 26 verified: 100% online, 4-6 wks, $850-$1,350, stackable into a Wharton Online certificate); Wharton Online self-paced course, school-delivered"
"The Wharton School, University of Pennsylvania","wharton","Global","Asset Allocation","https://executiveeducation.wharton.upenn.edu/for-individuals/all-programs/asset-allocation/","Finance and Wealth Management","Self-paced Online","4-6 weeks","","6","","","","Mixed","","","","","Enrol immediately","all-programs A-Z index + programme page sample (3 of 26 verified: 100% online, 4-6 wks, $850-$1,350, stackable into a Wharton Online certificate); Wharton Online self-paced course, school-delivered"
"The Wharton School, University of Pennsylvania","wharton","Global","Becoming Entrepreneurial: Purpose, Paths, and Inspiration","https://executiveeducation.wharton.upenn.edu/for-individuals/all-programs/becoming-entrepreneurial-purpose-paths-and-inspiration/","Strategy and Innovation","Self-paced Online","6 weeks","","6","$1,350","USD","1350","Mixed","","","","Y","Enrol immediately","all-programs A-Z index + programme page sample (3 of 26 verified: 100% online, 4-6 wks, $850-$1,350, stackable into a Wharton Online certificate); Wharton Online self-paced course, school-delivered"
"The Wharton School, University of Pennsylvania","wharton","Global","Design Thinking for Problem Solving and Innovation","https://executiveeducation.wharton.upenn.edu/for-individuals/all-programs/design-thinking-for-problem-solving-and-innovation/","Strategy and Innovation","Self-paced Online","6 weeks","","6","","","","Mixed","","","","Y","Enrol immediately","all-programs A-Z index + programme page sample (3 of 26 verified: 100% online, 4-6 wks, $850-$1,350, stackable into a Wharton Online certificate); Wharton Online self-paced course, school-delivered"
"The Wharton School, University of Pennsylvania","wharton","Global","Entrepreneurial Strategy: Acquisition, Commercialization, and Growth","https://executiveeducation.wharton.upenn.edu/for-individuals/all-programs/entrepreneurial-strategy-acquisition-commercialization-and-growth/","Strategy and Innovation","Self-paced Online","6 weeks","","6","","","","Mixed","","","","Y","Enrol immediately","all-programs A-Z index + programme page sample (3 of 26 verified: 100% online, 4-6 wks, $850-$1,350, stackable into a Wharton Online certificate); Wharton Online self-paced course, school-delivered"
"The Wharton School, University of Pennsylvania","wharton","Global","From Idea to Impact: Entrepreneurial Opportunity Identification","https://executiveeducation.wharton.upenn.edu/for-individuals/all-programs/from-idea-to-impact-entrepreneurial-opportunity-identification/","Strategy and Innovation","Self-paced Online","6 weeks","","6","","","","Mixed","","","","Y","Enrol immediately","all-programs A-Z index + programme page sample (3 of 26 verified: 100% online, 4-6 wks, $850-$1,350, stackable into a Wharton Online certificate); Wharton Online self-paced course, school-delivered"
"The Wharton School, University of Pennsylvania","wharton","Global","From Plan to Performance: Venture Implementation","https://executiveeducation.wharton.upenn.edu/for-individuals/all-programs/from-plan-to-performance-venture-implementation/","Strategy and Innovation","Self-paced Online","6 weeks","","6","","","","Mixed","","","","Y","Enrol immediately","all-programs A-Z index + programme page sample (3 of 26 verified: 100% online, 4-6 wks, $850-$1,350, stackable into a Wharton Online certificate); Wharton Online self-paced course, school-delivered"
"The Wharton School, University of Pennsylvania","wharton","Global","Fundamentals of Digital Marketing, Social Media, and E-Commerce","https://executiveeducation.wharton.upenn.edu/for-individuals/all-programs/fundamentals-of-digital-marketing-social-media-and-e-commerce/","Marketing","Self-paced Online","4-6 weeks","","6","","","","Mixed","","","","","Enrol immediately","all-programs A-Z index + programme page sample (3 of 26 verified: 100% online, 4-6 wks, $850-$1,350, stackable into a Wharton Online certificate); Wharton Online self-paced course, school-delivered"
"The Wharton School, University of Pennsylvania","wharton","Global","Fundamentals of Portfolio Management","https://executiveeducation.wharton.upenn.edu/for-individuals/all-programs/fundamentals-of-portfolio-management/","Finance and Wealth Management","Self-paced Online","4-6 weeks","","6","","","","Mixed","","","","","Enrol immediately","all-programs A-Z index + programme page sample (3 of 26 verified: 100% online, 4-6 wks, $850-$1,350, stackable into a Wharton Online certificate); Wharton Online self-paced course, school-delivered"
"The Wharton School, University of Pennsylvania","wharton","Global","Innovation Tournaments and the Process View","https://executiveeducation.wharton.upenn.edu/for-individuals/all-programs/innovation-tournaments-and-the-process-view/","Strategy and Innovation","Self-paced Online","6 weeks","","6","","","","Mixed","","","","Y","Enrol immediately","all-programs A-Z index + programme page sample (3 of 26 verified: 100% online, 4-6 wks, $850-$1,350, stackable into a Wharton Online certificate); Wharton Online self-paced course, school-delivered"
"The Wharton School, University of Pennsylvania","wharton","Global","Introduction to Innovation: Everyone Is an Innovator","https://executiveeducation.wharton.upenn.edu/for-individuals/all-programs/introduction-to-innovation-everyone-is-an-innovator/","Strategy and Innovation","Self-paced Online","6 weeks","","6","","","","Mixed","","","","Y","Enrol immediately","all-programs A-Z index + programme page sample (3 of 26 verified: 100% online, 4-6 wks, $850-$1,350, stackable into a Wharton Online certificate); Wharton Online self-paced course, school-delivered"
"The Wharton School, University of Pennsylvania","wharton","Global","Investment Products","https://executiveeducation.wharton.upenn.edu/for-individuals/all-programs/investment-products/","Finance and Wealth Management","Self-paced Online","4-6 weeks","","6","","","","Mixed","","","","","Enrol immediately","all-programs A-Z index + programme page sample (3 of 26 verified: 100% online, 4-6 wks, $850-$1,350, stackable into a Wharton Online certificate); Wharton Online self-paced course, school-delivered"
"The Wharton School, University of Pennsylvania","wharton","Global","Leadership in the 21st Century","https://executiveeducation.wharton.upenn.edu/for-individuals/all-programs/leadership-in-the-21st-century/","Leadership and Management","Self-paced Online","4-6 weeks","","6","$1,200","USD","1200","Mixed","","","","","Enrol immediately","all-programs A-Z index + programme page sample (3 of 26 verified: 100% online, 4-6 wks, $850-$1,350, stackable into a Wharton Online certificate); Wharton Online self-paced course, school-delivered"
"The Wharton School, University of Pennsylvania","wharton","Global","Leadership in the Age of Digital Disruption","https://executiveeducation.wharton.upenn.edu/for-individuals/all-programs/leadership-in-the-age-of-digital-disruption/","Leadership and Management; AI and Analytics","Self-paced Online","4-6 weeks","","6","","","","Mixed","","","","","Enrol immediately","all-programs A-Z index + programme page sample (3 of 26 verified: 100% online, 4-6 wks, $850-$1,350, stackable into a Wharton Online certificate); Wharton Online self-paced course, school-delivered"
"The Wharton School, University of Pennsylvania","wharton","Global","Leading the Digital Organization","https://executiveeducation.wharton.upenn.edu/for-individuals/all-programs/leading-the-digital-organization/","Leadership and Management; AI and Analytics","Self-paced Online","4-6 weeks","","6","","","","Mixed","","","","Y","Enrol immediately","all-programs A-Z index + programme page sample (3 of 26 verified: 100% online, 4-6 wks, $850-$1,350, stackable into a Wharton Online certificate); Wharton Online self-paced course, school-delivered"
"The Wharton School, University of Pennsylvania","wharton","Global","Lucky by Design: How to Navigate Hidden Markets","https://executiveeducation.wharton.upenn.edu/for-individuals/all-programs/lucky-by-design-how-to-navigate-hidden-markets/","Strategy and Innovation","Self-paced Online","","","","","","","Mixed","","","","Y","Enrol immediately","all-programs A-Z index + programme page sample (3 of 26 verified: 100% online, 4-6 wks, $850-$1,350, stackable into a Wharton Online certificate); Wharton Online self-paced course, school-delivered"
"The Wharton School, University of Pennsylvania","wharton","Global","Managing and Motivating Talent","https://executiveeducation.wharton.upenn.edu/for-individuals/all-programs/managing-and-motivating-talent/","Leadership and Management","Self-paced Online","4-6 weeks","","6","","","","Mixed","","","","","Enrol immediately","all-programs A-Z index + programme page sample (3 of 26 verified: 100% online, 4-6 wks, $850-$1,350, stackable into a Wharton Online certificate); Wharton Online self-paced course, school-delivered"
"The Wharton School, University of Pennsylvania","wharton","Global","Managing in the Global Digital Economy","https://executiveeducation.wharton.upenn.edu/for-individuals/all-programs/managing-in-the-global-digital-economy/","Leadership and Management; AI and Analytics","Self-paced Online","4-6 weeks","","6","","","","Mixed","","","","","Enrol immediately","all-programs A-Z index + programme page sample (3 of 26 verified: 100% online, 4-6 wks, $850-$1,350, stackable into a Wharton Online certificate); Wharton Online self-paced course, school-delivered"
"The Wharton School, University of Pennsylvania","wharton","Global","Managing the Global Firm","https://executiveeducation.wharton.upenn.edu/for-individuals/all-programs/managing-the-global-firm/","Leadership and Management","Self-paced Online","4-6 weeks","","6","$1,200","USD","1200","Mixed","","","","","Enrol immediately","all-programs A-Z index + programme page sample (3 of 26 verified: 100% online, 4-6 wks, $850-$1,350, stackable into a Wharton Online certificate); Wharton Online self-paced course, school-delivered"
"The Wharton School, University of Pennsylvania","wharton","Global","Managing the Value of Customer Relationships","https://executiveeducation.wharton.upenn.edu/for-individuals/all-programs/managing-the-value-of-customer-relationships/","Marketing","Self-paced Online","4-6 weeks","","6","","","","Mixed","","","","","Enrol immediately","all-programs A-Z index + programme page sample (3 of 26 verified: 100% online, 4-6 wks, $850-$1,350, stackable into a Wharton Online certificate); Wharton Online self-paced course, school-delivered"
"The Wharton School, University of Pennsylvania","wharton","Global","Marketing Analytics: Data Tools and Techniques","https://executiveeducation.wharton.upenn.edu/for-individuals/all-programs/marketing-analytics-data-tools-and-techniques/","Marketing; AI and Analytics","Self-paced Online","4-6 weeks","","6","","","","Mixed","","","","","Enrol immediately","all-programs A-Z index + programme page sample (3 of 26 verified: 100% online, 4-6 wks, $850-$1,350, stackable into a Wharton Online certificate); Wharton Online self-paced course, school-delivered"
"The Wharton School, University of Pennsylvania","wharton","Global","Navigating Digital Disruption","https://executiveeducation.wharton.upenn.edu/for-individuals/all-programs/navigating-digital-disruption/","Strategy and Innovation; AI and Analytics","Self-paced Online","4-6 weeks","","6","","","","Mixed","","","","Y","Enrol immediately","all-programs A-Z index + programme page sample (3 of 26 verified: 100% online, 4-6 wks, $850-$1,350, stackable into a Wharton Online certificate); Wharton Online self-paced course, school-delivered"
"The Wharton School, University of Pennsylvania","wharton","Global","Removing Barriers to Change in Organizations","https://executiveeducation.wharton.upenn.edu/for-individuals/all-programs/removing-barriers-to-change-in-organizations/","Leadership and Management","Self-paced Online","4-6 weeks","","6","","","","Mixed","","","","","Enrol immediately","all-programs A-Z index + programme page sample (3 of 26 verified: 100% online, 4-6 wks, $850-$1,350, stackable into a Wharton Online certificate); Wharton Online self-paced course, school-delivered"
"The Wharton School, University of Pennsylvania","wharton","Global","Selling Ideas: How to Influence Others, and Get Your Message to Catch On","https://executiveeducation.wharton.upenn.edu/for-individuals/all-programs/selling-ideas-how-to-influence-others-and-get-your-message-to-catch-on/","Marketing; Leadership and Management","Self-paced Online","4-6 weeks","","6","","","","Mixed","","","","","Enrol immediately","all-programs A-Z index + programme page sample (3 of 26 verified: 100% online, 4-6 wks, $850-$1,350, stackable into a Wharton Online certificate); Wharton Online self-paced course, school-delivered"
"The Wharton School, University of Pennsylvania","wharton","Global","Strategic Management: Competitive and Corporate Strategy","https://executiveeducation.wharton.upenn.edu/for-individuals/all-programs/strategic-management-competitive-and-corporate-strategy/","Strategy and Innovation","Self-paced Online","4-6 weeks","","6","","","","Mixed","","","","","Enrol immediately","all-programs A-Z index + programme page sample (3 of 26 verified: 100% online, 4-6 wks, $850-$1,350, stackable into a Wharton Online certificate); Wharton Online self-paced course, school-delivered"
"The Wharton School, University of Pennsylvania","wharton","Global","Chief Revenue Officer (CRO) Program","https://online-execed.wharton.upenn.edu/chief-revenue-officer-program","Senior Executive Programs","Blended","7 months","","28","","","","C-suite/Senior","Emeritus","","","","24 Sep 2026","emeritus.org Wharton listing + Wharton online-learning mirror pages fetched"
"The Wharton School, University of Pennsylvania","wharton","Global","Chief Human Resources Officer (CHRO) Program","https://online-execed.wharton.upenn.edu/chief-human-resources-officer-program","Senior Executive Programs","Blended","9-12 months","","36","","","","C-suite/Senior","Emeritus","","","","24 Sep 2026","emeritus.org Wharton listing + Wharton online-learning mirror pages fetched"
"The Wharton School, University of Pennsylvania","wharton","Global","Chief Technology Officer (CTO) Program","https://online-execed.wharton.upenn.edu/chief-technology-officer-program","Senior Executive Programs","Blended","9-12 months","","36","","","","C-suite/Senior","Emeritus","","","","17 Dec 2026","emeritus.org Wharton listing + Wharton online-learning mirror pages fetched"
"The Wharton School, University of Pennsylvania","wharton","Global","Chief Strategy Officer (CSO) Program","https://online-execed.wharton.upenn.edu/chief-strategy-officer-program","Senior Executive Programs","Blended","9-12 months","","36","","","","C-suite/Senior","Emeritus","","","","17 Dec 2026","emeritus.org Wharton listing + Wharton online-learning mirror pages fetched"
"The Wharton School, University of Pennsylvania","wharton","Global","Global C-Suite Program","https://online-execed.wharton.upenn.edu/global-c-suite-program","Senior Executive Programs","Blended","9-12 months","","36","","","","C-suite/Senior","Emeritus","","","","16 Dec 2026","emeritus.org Wharton listing + Wharton online-learning mirror pages fetched"
"The Wharton School, University of Pennsylvania","wharton","Global","C-Suite Leaders Program","https://online-execed.wharton.upenn.edu/c-suite-leaders-program-india","Senior Executive Programs","Blended","6 months","","24","","","","C-suite/Senior","Emeritus","","","","","emeritus.org Wharton listing + Wharton online-learning mirror pages fetched; locations/variants: India (Mumbai immersions); Middle East (3-day Dubai immersion + networking day) - COLLAPSED location variants"
"The Wharton School, University of Pennsylvania","wharton","Global","Chief Financial Officer (CFO) Program - India","https://online-execed.wharton.upenn.edu/chief-financial-officer-program-india","Senior Executive Programs","Blended","6 months","","24","","","","C-suite/Senior","Emeritus","","","","","emeritus.org Wharton listing + Wharton online-learning mirror pages fetched; locations/variants: India (2 Mumbai immersions)"
"The Wharton School, University of Pennsylvania","wharton","Global","Leadership Program in AI and Analytics","https://online-execed.wharton.upenn.edu/leadership-program-in-ai-and-analytics","Senior Executive Programs","Self-paced Online","6 months","","24","","","","C-suite/Senior","Emeritus","","","","24 Sep 2026","emeritus.org Wharton listing + Wharton online-learning mirror pages fetched"
"The Wharton School, University of Pennsylvania","wharton","Global","Senior Management Program","https://online-execed.wharton.upenn.edu/senior-management-program","Senior Executive Programs","Self-paced Online","6 months","","24","","","","C-suite/Senior","Emeritus","","","","19 Apr 2027","emeritus.org Wharton listing + Wharton online-learning mirror pages fetched"
"The Wharton School, University of Pennsylvania","wharton","Global","Emerging Chief Product Officer Program","https://online-execed.wharton.upenn.edu/emerging-cpo-program","Emerging Executive Programs","Self-paced Online","6 months","","24","","","","Early/Emerging","Emeritus","","","","26 Sep 2026","emeritus.org Wharton listing + Wharton online-learning mirror pages fetched"
"The Wharton School, University of Pennsylvania","wharton","Global","Emerging COO Program","https://online-execed.wharton.upenn.edu/emerging-coo-program","Emerging Executive Programs","Self-paced Online","6 months","","24","","","","Early/Emerging","Emeritus","","","","17 Dec 2026","emeritus.org Wharton listing + Wharton online-learning mirror pages fetched"
"The Wharton School, University of Pennsylvania","wharton","Global","Emerging CFO Program","https://online-execed.wharton.upenn.edu/emerging-cfo-program","Emerging Executive Programs","Self-paced Online","6 months","","24","","","","Early/Emerging","Emeritus","","","","17 Dec 2026","emeritus.org Wharton listing + Wharton online-learning mirror pages fetched"
"The Wharton School, University of Pennsylvania","wharton","Global","Leading a Technology-Driven Organization","https://online-execed.wharton.upenn.edu/leading-technology-driven-organization","Certificate Programs","Self-paced Online","6 weeks","","6","","","","Mid-career","Emeritus","","","","24 Sep 2026","emeritus.org Wharton listing + Wharton online-learning mirror pages fetched"
"The Wharton School, University of Pennsylvania","wharton","Global","Future of Work: Leading Modern Workplaces","https://online-execed.wharton.upenn.edu/future-work","Certificate Programs","Self-paced Online","6 weeks","","6","","","","Mid-career","Emeritus","","","","08 Oct 2026","emeritus.org Wharton listing + Wharton online-learning mirror pages fetched"
"The Wharton School, University of Pennsylvania","wharton","Global","Executive Presence and Influence: Persuasive Leadership Development","https://online-execed.wharton.upenn.edu/executive-presence-influence","Certificate Programs","Self-paced Online","6 weeks","","6","","","","Mid-career","Emeritus","","","","15 Oct 2026","emeritus.org Wharton listing + Wharton online-learning mirror pages fetched; locations/variants: Also sold in Spanish (Presencia e Influencia Ejecutiva) and Portuguese (Lideranca Executiva e Persuasao) - COLLAPSED language variants"
"The Wharton School, University of Pennsylvania","wharton","Global","Strategic Operations Management Program","https://online-execed.wharton.upenn.edu/strategic-operations-management-program","Certificate Programs","Self-paced Online","6 weeks","","6","","","","Mid-career","Emeritus","","","","15 Oct 2026","emeritus.org Wharton listing + Wharton online-learning mirror pages fetched"
"The Wharton School, University of Pennsylvania","wharton","Global","Global Supply Chain Management Program","https://online-execed.wharton.upenn.edu/global-supply-chain-management","Certificate Programs","Self-paced Online","6 weeks","","6","","","","Mid-career","Emeritus","","","","22 Oct 2026","emeritus.org Wharton listing + Wharton online-learning mirror pages fetched"
"The Wharton School, University of Pennsylvania","wharton","Global","HR Management and Analytics","https://online-execed.wharton.upenn.edu/hr-management","Certificate Programs","Self-paced Online","2 months","","8","","","","Mid-career","Emeritus","","","","29 Oct 2026","emeritus.org Wharton listing + Wharton online-learning mirror pages fetched"
"The Wharton School, University of Pennsylvania","wharton","Global","Corporate Governance: Maximize Your Effectiveness in the Boardroom","https://online-execed.wharton.upenn.edu/corporate-governance","Certificate Programs","Self-paced Online","6 weeks","","6","","","","Mid-career","Emeritus","","","","05 Nov 2026","emeritus.org Wharton listing + Wharton online-learning mirror pages fetched; locations/variants: Also sold in Spanish (Gobierno Corporativo) - COLLAPSED language variant"
"The Wharton School, University of Pennsylvania","wharton","Global","Product Management and Strategy","https://online-execed.wharton.upenn.edu/product-management-and-strategy","Certificate Programs","Self-paced Online","6 weeks","","6","","","","Mid-career","Emeritus","","","","15 Oct 2026","emeritus.org Wharton listing + Wharton online-learning mirror pages fetched"
"The Wharton School, University of Pennsylvania","wharton","Global","Technology Acceleration Program","https://online-execed.wharton.upenn.edu/technology-acceleration-program","Certificate Programs","Self-paced Online","6 weeks","","6","","","","Mid-career","Emeritus","","","","01 Oct 2026","emeritus.org Wharton listing + Wharton online-learning mirror pages fetched"
"The Wharton School, University of Pennsylvania","wharton","Global","Business Analytics: From Data to Insights","https://online-execed.wharton.upenn.edu/business-analytics","Certificate Programs","Self-paced Online","9 weeks","","9","","","","Mid-career","Emeritus","","","","24 Sep 2026","emeritus.org Wharton listing + Wharton online-learning mirror pages fetched"
"The Wharton School, University of Pennsylvania","wharton","Global","M&A and Corporate Development Strategies","https://online-execed.wharton.upenn.edu/mergers-acquisitions-corporate-development-strategies","Certificate Programs","Self-paced Online","6 weeks","","6","","","","Mid-career","Emeritus","","","","15 Oct 2026","emeritus.org Wharton listing + Wharton online-learning mirror pages fetched"
"The Wharton School, University of Pennsylvania","wharton","Global","Management Development Program","https://online-execed.wharton.upenn.edu/management-development-program","Certificate Programs","Self-paced Online","12 weeks","","12","","","","Mid-career","Emeritus","","","","12 Nov 2026","emeritus.org Wharton listing + Wharton online-learning mirror pages fetched"
"The Wharton School, University of Pennsylvania","wharton","Global","High-Impact Leadership Communication","https://online-execed.wharton.upenn.edu/high-impact-leadership-communication","Certificate Programs","Self-paced Online","6 weeks","","6","","","","Mid-career","Emeritus","","","","12 Nov 2026","emeritus.org Wharton listing + Wharton online-learning mirror pages fetched"
"The Wharton School, University of Pennsylvania","wharton","Global","Leading and Managing High-Impact Teams","https://online-execed.wharton.upenn.edu/leading-and-managing-high-impact-teams-program","Certificate Programs","Self-paced Online","6 weeks","","6","","","","Mid-career","Emeritus","","","","12 Nov 2026","emeritus.org Wharton listing + Wharton online-learning mirror pages fetched"
"The Wharton School, University of Pennsylvania","wharton","Global","Understanding the Brain: Using Neuroscience to Deliver Better Business Results","https://online-execed.wharton.upenn.edu/neuroscience-in-business","Certificate Programs","Self-paced Online","6 weeks","","6","","","","Mid-career","Emeritus","","","","19 Nov 2026","emeritus.org Wharton listing + Wharton online-learning mirror pages fetched"
"The Wharton School, University of Pennsylvania","wharton","Global","Revenue Analytics: Price Optimization","https://online-execed.wharton.upenn.edu/revenue-analytics","Certificate Programs","Self-paced Online","6 weeks","","6","","","","Mid-career","Emeritus","","","","03 Dec 2026","emeritus.org Wharton listing + Wharton online-learning mirror pages fetched"
"The Wharton School, University of Pennsylvania","wharton","Global","Driving Strategic Innovation: Leading Complex Initiatives for Impact","https://online-execed.wharton.upenn.edu/driving-strategic-innovation","Certificate Programs","Self-paced Online","6 weeks","","6","","","","Mid-career","Emeritus","","","","10 Dec 2026","emeritus.org Wharton listing + Wharton online-learning mirror pages fetched"
"The Wharton School, University of Pennsylvania","wharton","Global","Behavioral Economics: Consumer Choice and Decision Making","https://online-execed.wharton.upenn.edu/behavioral-economics","Certificate Programs","Self-paced Online","7 weeks","","7","","","","Mid-career","Emeritus","","","","21 Jan 2027","emeritus.org Wharton listing + Wharton online-learning mirror pages fetched"
"The Wharton School, University of Pennsylvania","wharton","Global","Business Acumen for Executives","https://online-execed.wharton.upenn.edu/business-acumen-for-rising-executives","Certificate Programs","Self-paced Online","6 weeks","","6","","","","Mid-career","Emeritus","","","","21 Jan 2027","emeritus.org Wharton listing + Wharton online-learning mirror pages fetched"
"The Wharton School, University of Pennsylvania","wharton","Global","Mastering Talent Management: Hiring, Engaging, and Rewarding A+ Talent","https://online-execed.wharton.upenn.edu/mastering-talent-management","Certificate Programs","Self-paced Online","6 weeks","","6","","","","Mid-career","Emeritus","","","","25 Feb 2027","emeritus.org Wharton listing + Wharton online-learning mirror pages fetched"
"The Wharton School, University of Pennsylvania","wharton","Global","Marketing Analytics","https://online-execed.wharton.upenn.edu/marketing-analytics","Certificate Programs","Self-paced Online","6 weeks","","6","","","","Mid-career","Emeritus","","","","18 Mar 2027","emeritus.org Wharton listing + Wharton online-learning mirror pages fetched"
"The Wharton School, University of Pennsylvania","wharton","Global","Product Strategy and Revenue Management","https://online-execed.wharton.upenn.edu/product-strategy-and-revenue-management","Learning Journeys","Self-paced Online","12 weeks","","12","","","","Mid-career","Emeritus","","","","15 Oct 2026","emeritus.org Wharton listing + Wharton online-learning mirror pages fetched"
"The Wharton School, University of Pennsylvania","wharton","Global","Board Readiness Program","https://online-execed.wharton.upenn.edu/board-readiness-program","Learning Journeys","Self-paced Online","12 weeks","","12","","","","Mid-career","Emeritus","","","","15 Oct 2026","emeritus.org Wharton listing + Wharton online-learning mirror pages fetched"
"The Wharton School, University of Pennsylvania","wharton","Global","Leadership Program in Operations and Supply Chain Strategy","https://online-execed.wharton.upenn.edu/leadership-program-in-operations-and-supply-chain-strategy","Learning Journeys","Self-paced Online","12 weeks","","12","","","","Mid-career","Emeritus","","","","22 Oct 2026","emeritus.org Wharton listing + Wharton online-learning mirror pages fetched"
"The Wharton School, University of Pennsylvania","wharton","Global","High-Impact Communication and Influence","https://online-execed.wharton.upenn.edu/high-impact-communication-and-influence","Learning Journeys","Self-paced Online","12 weeks","","12","","","","Mid-career","Emeritus","","","","12 Nov 2026","emeritus.org Wharton listing + Wharton online-learning mirror pages fetched"
"The Wharton School, University of Pennsylvania","wharton","Global","Executive Presence and Management Development Program","https://online-execed.wharton.upenn.edu/executive-presence-and-management-development-program","Learning Journeys","Self-paced Online","18 weeks","","18","","","","Mid-career","Emeritus","","","","12 Nov 2026","emeritus.org Wharton listing + Wharton online-learning mirror pages fetched"
"The Wharton School, University of Pennsylvania","wharton","Global","Mastering Executive Influence: Neuroscience-Driven Leadership Strategies","https://online-execed.wharton.upenn.edu/mastering-executive-influence-neuroscience-driven-leadership-strategies","Learning Journeys","Self-paced Online","12 weeks","","12","","","","Mid-career","Emeritus","","","","19 Nov 2026","emeritus.org Wharton listing + Wharton online-learning mirror pages fetched"
"The Wharton School, University of Pennsylvania","wharton","Global","Applied Value Investing Certificate Program","https://wallstreetprep.wharton.upenn.edu/applied-value-investing-certificate/","Finance and Wealth Management","Self-paced Online","","","","","","","Functional specialist","Wall Street Prep","","","","Enrol immediately","all-programs A-Z index + self-paced-online-programs page fetched; co-branded Wall Street Prep certificate"
"The Wharton School, University of Pennsylvania","wharton","Global","Financial Planning & Analysis (FP&A) Certificate Program","https://wallstreetprep.wharton.upenn.edu/financial-planning-and-analysis-certificate/","Finance and Wealth Management","Self-paced Online","","","","","","","Functional specialist","Wall Street Prep","","","","Enrol immediately","all-programs A-Z index + self-paced-online-programs page fetched; co-branded Wall Street Prep certificate"
"The Wharton School, University of Pennsylvania","wharton","Global","Private Equity Certificate Program","https://wallstreetprep.wharton.upenn.edu/pe-certificate/","Finance and Wealth Management","Self-paced Online","","","","","","","Functional specialist","Wall Street Prep","","","","Enrol immediately","all-programs A-Z index + self-paced-online-programs page fetched; co-branded Wall Street Prep certificate"
"The Wharton School, University of Pennsylvania","wharton","Global","Real Estate Investing & Analysis Certificate Program","https://wallstreetprep.wharton.upenn.edu/real-estate-investing-certificate/","Finance and Wealth Management","Self-paced Online","","","","","","","Functional specialist","Wall Street Prep","","","","Enrol immediately","all-programs A-Z index + self-paced-online-programs page fetched; co-branded Wall Street Prep certificate"
"The Wharton School, University of Pennsylvania","wharton","Global","Restructuring and Distressed Investing Certificate","https://wallstreetprep.wharton.upenn.edu/restructuring-distressed-investing-certificate/","Finance and Wealth Management","Self-paced Online","","","","","","","Functional specialist","Wall Street Prep","","","","Enrol immediately","all-programs A-Z index + self-paced-online-programs page fetched; co-branded Wall Street Prep certificate"
