"school","products","ai_new","ai_transformed","ai_era_total","ai_era_pct"
"jaro","4","0","2","2","50.0"
"isb","50","3","12","15","30.0"
"imd","90","4","19","23","25.6"
"lbs","66","3","13","16","24.2"
"iimc","120","11","14","25","20.8"
"iimk","134","11","15","26","19.4"
"emeritus","11","1","1","2","18.2"
"spjain","39","1","6","7","17.9"
"wharton","142","5","19","24","16.9"
"iimb","113","6","13","19","16.8"
"iiml","158","6","20","26","16.5"
"insead","97","1","15","16","16.5"
"iima","107","1","15","16","15.0"
"hbs","74","2","8","10","13.5"
"iimi","108","4","10","14","13.0"
"stanford","50","1","5","6","12.0"
"hec","51","2","4","6","11.8"
"kellogg","39","0","2","2","5.1"
"imarticus","5","0","0","0","0.0"
"timespro","0","0","0","0","0"
