"theme","subtheme","topic","topic_id","ai_era_flag","demand_index","sources","geographies","best_signal","forward_dated","contested","outlook_2027_31","outlook_rationale","component_breadth","component_geography","component_signal","component_horizon","component_seniority","source_list"
"Leadership & Executive Capability","Foundational leadership","Transition to leadership / first-time manager","T01.S01.P01","Stable","0","0","0","","","Y","","","0","0","0","0","0",""
"Leadership & Executive Capability","Foundational leadership","Leading in the first 90 days / role transition","T01.S01.P02","Stable","55","1","1","job postings","","","3","IMD and IIM-C both prove the premium; steady rather than growing.","5","3","24","8","15","LinkedIn/WEF - AI added 1.3m jobs"
"Leadership & Executive Capability","Foundational leadership","Leading mid-level to senior transition","T01.S01.P03","Stable","56","4","2","employer survey","","","4","PwC India: contraction is at junior level, 30% say mid-level stable, 19% expect senior increases. India does not import the Western squeeze.","20","6","14","8","8","HBR - Future of middle management | Harvard Business Review — Gretchen Gavett (The Insider) | Harvard Business Review — Julia Shin and Sandra J. Sucher | McKinsey The State of AI in 2026"
"Leadership & Executive Capability","Foundational leadership","Authentic and purpose-driven leadership","T01.S01.P04","Stable","0","0","0","","","","","","0","0","0","0","0",""
"Leadership & Executive Capability","Foundational leadership","Leadership styles and situational leadership","T01.S01.P05","Stable","96","15","4","job postings","Y","","4","WEF: leadership and social influence rose 22pp in employer-stated importance between 2023 and 2025, ahead of AI and big data at 17pp.","30","12","24","15","15","Business Today - GCC senior returnees | Business of GCC — GCC Talent Strategy 2026 | CIO.com - CIO hiring 2026 | CarringtonCrisp FLEE (via AACSB) | Coqual & Catalyst - AI leadership gap | HBR - Developing judgment in the AI era | LinkedIn Skills on the Rise 2026 - India | LinkedIn Skills on the Rise 2026 - UK | Microsoft Work Trend Index 2026 | TeamLease Digital - Retail GCC AI | UNICON Directors'"
"Leadership & Executive Capability","Senior and C-suite leadership","CEO / top management leadership","T01.S02.P01","Stable","54","1","1","consultancy research","Y","","3","Perennial and the most crowded tier in the market.","5","3","16","15","15","McKinsey The State of Organizations 2026"
"Leadership & Executive Capability","Senior and C-suite leadership","Becoming a C-suite officer (role-specific ladders)","T01.S02.P02","Stable","45","1","1","employer survey","","Y","","","5","3","14","8","15","IBM IBV - Chief AI Officer"
"Leadership & Executive Capability","Senior and C-suite leadership","Leading the enterprise / enterprise-wide leadership","T01.S02.P03","Stable","0","0","0","","","Y","","","0","0","0","0","0",""
"Leadership & Executive Capability","Senior and C-suite leadership","Executive transitions and succession","T01.S02.P04","Stable","49","1","1","industry body","","","","","5","3","18","8","15","Business of GCC, 'GCC Talent Strategy 2026'"
"Leadership & Executive Capability","Senior and C-suite leadership","Leading a P&L / business unit","T01.S02.P05","Stable","0","0","0","","","","","","0","0","0","0","0",""
"Leadership & Executive Capability","Leading people and teams","Leading high-performing teams","T01.S03.P01","Stable","51","2","2","learner platform","","","3","Perennial, heavily supplied.","10","6","12","8","15","LinkedIn Skills on the Rise 2026 (India) via Storyboard18 | LinkedIn Skills on the Rise 2026 (US) via EdTech Innovation Hub"
"Leadership & Executive Capability","Leading people and teams","Leading hybrid, remote and distributed teams","T01.S03.P02","Transformed","0","0","0","","","","","","0","0","0","0","0",""
"Leadership & Executive Capability","Leading people and teams","Coaching and the leader as coach","T01.S03.P03","Stable","0","0","0","","","","","","0","0","0","0","0",""
"Leadership & Executive Capability","Leading people and teams","Feedback and difficult conversations","T01.S03.P04","Stable","0","0","0","","","","","","0","0","0","0","0",""
"Leadership & Executive Capability","Leading people and teams","Psychological safety and inclusive team culture","T01.S03.P05","Stable","41","1","1","employer survey","","","","","5","3","14","8","11","Microsoft Work Trend Index 2026 (WorkLab)"
"Leadership & Executive Capability","Leading people and teams","Motivation, engagement and retention of talent","T01.S03.P06","Stable","0","0","0","","","","","","0","0","0","0","0",""
"Leadership & Executive Capability","Leading people and teams","Delegation and managing through others","T01.S03.P07","Stable","45","1","1","employer survey","","Y","","","5","3","14","8","15","DDI Global Leadership Forecast 2025"
"Leadership & Executive Capability","Leading human-AI organisations","Leading teams that include AI agents","T01.S04.P01","New","77","9","1","employer survey","Y","","4","BCG: 65% of managers expect agents to take half their role within three years. Early market, real mechanism.","30","3","14","15","15","BCG AI at Work 2025 | HBR - Companies need agent managers | HBR - Organizations aren't ready for agentic AI risks | HBR Analytic Services - agentic AI survey | McKinsey State of AI 2025 | McKinsey State of AI 2026 | Microsoft Work Trend Index 2025 | Microsoft Work Trend Index 2025 (WorkLab) | Udemy 2026 Global Learning & Skills Trends"
"Leadership & Executive Capability","Leading human-AI organisations","Redesigning managerial work around AI","T01.S04.P02","New","100","6","4","policy/regulation","Y","Y","4","McKinsey and Deloitte both name change-absorption, not AI skill, as the binding constraint.","30","12","28","15","15","BCG AI at Work 2026 (fourth edition) | Cedefop Skills Forecast 2035 | HBR - How AI is redefining managerial roles | Lightcast Global AI Skills Outlook | Microsoft Work Trend Index 2025 (WorkLab) | ORF, 'Capability in the Age of AI: India's GCCs and the Future of White-Collar Work'"
"Leadership & Executive Capability","Leading human-AI organisations","Building AI fluency and adoption in the workforce","T01.S04.P03","New","93","14","4","policy/regulation","","","5","EU AI Act Art.4 in force, RBI FREE-AI asks for board and C-suite AI literacy, and PwC-FICCI puts GCC leadership literacy at 27%. Obligation plus measured gap.","30","12","28","8","15","BCG AI at Work 2025 | BCG AI at Work 2025 - India | BCG AI at Work 2026 (fourth edition) | Digital Omnibus amendment to Article 4 | EFMD Global CLO Roundtable 2025 | EU AI Act Article 4 | Harvard Business Review — Gleb Tsipursky | LinkedIn Economic Graph Labor Market Report | LinkedIn Skills on the Rise 2025 | Microsoft Work Trend Index 2026 (WorkLab) | NASSCOM AI Adoption Index 2.0 (via IndiaAI) "
"Leadership & Executive Capability","Leading human-AI organisations","Trust, accountability and human oversight of AI decisions","T01.S04.P04","New","64","3","1","consultancy research","Y","","4","AI Act Art.14 makes human oversight a competence requirement, not a checkbox.","15","3","16","15","15","Accenture Technology Vision 2025 | HBR - Why you shouldn't treat AI agents like employees | Harvard Business Review — Kropp Bedard Wiles Hsu Krayer (BCG)"
"Leadership & Executive Capability","Leading human-AI organisations","Leading through AI-driven workforce disruption","T01.S04.P05","New","97","6","3","policy/regulation","Y","","4","Strong survey backing but the Fed (7.3m firm-months) finds no evidence AI-adopting industries post fewer jobs. Real as a leadership anxiety, weaker as a labour fact.","30","9","28","15","15","BCG AI at Work 2026 (fourth edition) | Federal Reserve FEDS Notes, ""AI Adoption and Firms' Job-Posting Behavior"" | Lightcast - Beyond the Buzz | LinkedIn Jobs on the Rise 2026 - US | NITI Aayog / PIB (with NASSCOM and BCG) | WEF Four Futures for Jobs (AI and Talent in 2030)"
"Leadership & Executive Capability","Leading human-AI organisations","Supervising and quality-assuring AI output","T01.S04.P06","New","0","0","0","","","","4","HBR finds middle managers absorbing AI validation and error correction under unchanged delivery pressure.","0","0","0","0","0",""
"Leadership & Executive Capability","Leading human-AI organisations","Work redesign to convert AI time savings into output","T01.S04.P07","New","53","2","2","employer survey","","","4","BCG: 47% of workers now spend more time directing AI than working, and India is weakest at converting that time.","10","6","14","8","15","HBR - AI transformation requires redesigning work | McKinsey State of AI 2025"
"Leadership & Executive Capability","Leading human-AI organisations","Human-agent ratio and span-of-control design","T01.S04.P08","New","0","0","0","","","","4","Span of control roughly doubled pre-AI (Gusto). Agents make it an explicit design question.","0","0","0","0","0",""
"Leadership & Executive Capability","Change, resilience and crisis","Leading change and transformation","T01.S05.P01","Stable","73","5","3","consultancy research","","","4","The constraint every consultancy independently names. Rises as AI raises the change load.","25","9","16","8","15","CarringtonCrisp FLEE (via AACSB) | Deloitte 2026 Global Human Capital Trends | Gartner HR Priorities 2025 | LinkedIn Skills on the Rise 2026 (secondary summary) | WEF Future of Jobs 2025 - India economy profile"
"Leadership & Executive Capability","Change, resilience and crisis","Organisational resilience","T01.S05.P02","Stable","0","0","0","","","","","","0","0","0","0","0",""
"Leadership & Executive Capability","Change, resilience and crisis","Personal resilience, wellbeing and burnout","T01.S05.P03","Stable","58","3","2","employer survey","","","4","47% of midlevel managers report AI strain against 31% of executives. The load is measured, not asserted.","15","6","14","8","15","LinkedIn Skills on the Rise 2026 - UK | UNICON 2026 (SSE) | WEF Future of Jobs Report 2025"
"Leadership & Executive Capability","Change, resilience and crisis","Crisis leadership and business continuity","T01.S05.P04","Stable","0","0","0","","","","","","0","0","0","0","0",""
"Leadership & Executive Capability","Change, resilience and crisis","Leading in uncertainty, volatility and ambiguity","T01.S05.P05","Stable","50","2","1","employer survey","","","4","Deloitte: 85% say adaptability is critical, 7% are delivering it.","10","3","14","8","15","Deloitte Human Capital Trends 2026 | Gartner CHRO Priorities 2026"
"Leadership & Executive Capability","Change, resilience and crisis","Turnaround and restructuring leadership","T01.S05.P06","Stable","0","0","0","","","","","","0","0","0","0","0",""
"Strategy","Corporate and competitive strategy","Competitive strategy and advantage","T02.S01.P01","Stable","0","0","0","","","","3","Perennial. Neither AI nor regulation moves it much.","0","0","0","0","0",""
"Strategy","Corporate and competitive strategy","Corporate strategy, portfolio and diversification","T02.S01.P02","Stable","0","0","0","","","","","","0","0","0","0","0",""
"Strategy","Corporate and competitive strategy","Strategic thinking for executives","T02.S01.P03","Stable","0","0","0","","","","","","0","0","0","0","0",""
"Strategy","Corporate and competitive strategy","Growth strategy and scaling","T02.S01.P04","Stable","51","2","2","learner platform","","","3","Perennial.","10","6","12","8","15","LinkedIn Skills on the Rise 2026 - India | LinkedIn Skills on the Rise 2026 - UK"
"Strategy","Corporate and competitive strategy","Business model innovation and reinvention","T02.S01.P05","Transformed","65","3","2","employer survey","Y","","4","PwC: 56% of CEOs see no AI financial benefit yet, which is a business-model problem, not a technology one.","15","6","14","15","15","Deloitte Human Capital Trends 2025 | PwC 29th Annual Global CEO Survey: India perspective | PwC 29th Global CEO Survey"
"Strategy","Corporate and competitive strategy","Platform and ecosystem strategy","T02.S01.P06","Transformed","0","0","0","","","","","","0","0","0","0","0",""
"Strategy","Strategy execution","Strategy execution and implementation","T02.S02.P01","Stable","0","0","0","","","","3","Perennial, under-taught, unchanged.","0","0","0","0","0",""
"Strategy","Strategy execution","OKRs, balanced scorecard and performance management systems","T02.S02.P02","Stable","0","0","0","","","","","","0","0","0","0","0",""
"Strategy","Strategy execution","Strategic planning and budgeting cycles","T02.S02.P03","Stable","37","1","1","buyer survey","","","","","5","3","6","8","15","LinkedIn Workplace Learning Report 2025"
"Strategy","Strategy execution","Organisation design and operating models","T02.S02.P04","Stable","59","2","1","consultancy research","Y","","4","WEF CPO Outlook now ranks job and org redesign (74%) above upskilling (70%). The most under-supplied classic topic.","10","3","16","15","15","LinkedIn Skills on the Rise 2026 (global) | McKinsey The State of Organizations 2026"
"Strategy","Strategy execution","Strategic project and programme governance","T02.S02.P05","Stable","0","0","0","","","","","","0","0","0","0","0",""
"Strategy","AI-era strategy","AI strategy for the enterprise","T02.S03.P01","New","61","3","3","employer survey","","","3","PwC: 56% of 4,454 CEOs report no significant financial benefit from AI yet. Strategy demand holds but the narrative is cooling.","15","9","14","8","15","LinkedIn Skills on the Rise 2026 (US) via EdTech Innovation Hub | PwC 29th CEO Survey - India | WEF Future of Jobs Report 2025"
"Strategy","AI-era strategy","Competing when AI collapses cost curves","T02.S03.P02","New","0","0","0","","","","","","0","0","0","0","0",""
"Strategy","AI-era strategy","Build-vs-buy and AI vendor/partner strategy","T02.S03.P03","New","0","0","0","","","","","","0","0","0","0","0",""
"Strategy","AI-era strategy","Data strategy as competitive strategy","T02.S03.P04","Transformed","39","1","1","learner platform","","","","","5","3","12","8","11","LinkedIn Skills on the Rise 2026 (UK) via EdTech Innovation Hub"
"Strategy","AI-era strategy","AI-native business models","T02.S03.P05","New","0","0","0","","","","","","0","0","0","0","0",""
"Strategy","Geopolitics and macro strategy","Geopolitics for business leaders and boards","T02.S04.P01","New","45","1","1","employer survey","","","4","UNICON names it the underserved topic; IMD and MIT Sloan have both launched. Demand is real, supply is thin in India.","5","3","14","8","15","WEF Future of Jobs 2025 - India economy profile"
"Strategy","Geopolitics and macro strategy","Trade, tariffs and supply-chain geopolitics","T02.S04.P02","Transformed","0","0","0","","","","","","0","0","0","0","0",""
"Strategy","Geopolitics and macro strategy","Macroeconomics for executives","T02.S04.P03","Stable","0","0","0","","","","","","0","0","0","0","0",""
"Strategy","Geopolitics and macro strategy","Country and emerging-market strategy","T02.S04.P04","Stable","0","0","0","","","","","","0","0","0","0","0",""
"Strategy","Geopolitics and macro strategy","Regulatory and political risk","T02.S04.P05","Transformed","0","0","0","","","","","","0","0","0","0","0",""
"Strategy","M&A and corporate development","M&A strategy and deal rationale","T02.S05.P01","Stable","45","1","1","employer survey","","","3","Cyclical rather than structural.","5","3","14","8","15","PwC 29th Annual Global CEO Survey (global)"
"Strategy","M&A and corporate development","Valuation and deal structuring","T02.S05.P02","Stable","0","0","0","","","","","","0","0","0","0","0",""
"Strategy","M&A and corporate development","Post-merger integration","T02.S05.P03","Stable","0","0","0","","","","","","0","0","0","0","0",""
"Strategy","M&A and corporate development","Divestitures, carve-outs and restructuring","T02.S05.P04","Stable","0","0","0","","","","","","0","0","0","0","0",""
"Strategy","M&A and corporate development","Alliances, joint ventures and partnerships","T02.S05.P05","Stable","0","0","0","","","","","","0","0","0","0","0",""
"AI, Data & Digital","AI foundations for leaders","AI and machine learning fundamentals for executives","T03.S01.P01","Transformed","60","2","1","job postings","","","3","Same commoditisation path. Coverage play, not a margin play.","10","3","24","8","15","Naukri JobSpeak Jul 2026 | Naukri JobSpeak Mar 2026"
"AI, Data & Digital","AI foundations for leaders","Generative AI foundations and prompting","T03.S01.P02","New","89","17","3","job postings","Y","","3","Highest evidence count in the whole dataset, and the fastest to commoditise. Demand is real now and will be met cheaply by 2029.","30","9","24","15","11","Coursera 2025 Year in Review | Coursera Global Skills Report 2025 | Coursera Global Skills Report 2025 - India | Coursera Job Skills Report 2025 | Google Year in Search 2025 (via SEJ) | Harvard Business Review / HBS Working Knowledge (Ana Elena Azpurua; research assoc. with Suraj Srinivasan) | India Skills Report 2026 | Ken Research, India Executive Education and Upskilling Market | Lightcast - Be"
"AI, Data & Digital","AI foundations for leaders","Agentic AI and autonomous workflows","T03.S01.P03","New","70","2","2","job postings","Y","","4","Fastest-moving concept in the set. High demand, high obsolescence risk in content.","10","6","24","15","15","McKinsey The State of AI in 2026: On the road to ROI | Naukri JobSpeak June 2026"
"AI, Data & Digital","AI foundations for leaders","Data and AI literacy for non-technical leaders","T03.S01.P04","Transformed","92","5","3","policy/regulation","Y","","3","Real, but converging with the free tier.","25","9","28","15","15","Indeed Hiring Lab via Euronews | Lightcast ""Beyond the Buzz"" press release | Synthesis of REG001, REG004, REG012, REG015 | TeamLease Employment Outlook Report H2 FY27 (via Business Standard) | WEF Future of Jobs Report 2025"
"AI, Data & Digital","AI foundations for leaders","Evaluating AI use cases and ROI","T03.S01.P05","New","69","3","2","industry body","Y","","3","Follows the same cooling as AI strategy; sharper and more defensible than it.","15","6","18","15","15","Deloitte Human Capital Trends 2025 | NASSCOM (Srikanth Velamakanni) via Business Today | PwC 29th Global CEO Survey"
"AI, Data & Digital","AI governance, risk and regulation","AI governance frameworks and operating models","T03.S02.P01","New","97","7","3","policy/regulation","Y","","5","Annex III high-risk duties bite Dec 2027, inside the window; 1,997 US postings already 73% senior-or-above. The buyer exists today.","30","9","28","15","15","Axial Search, 'AI Governance Hiring in 2026' | Deloitte 2026 Global Human Capital Trends | IAPP AI Governance Profession Report 2025 | KPMG Board Leadership - 2026 board agenda | Lakshmikumaran & Sridharan | Lusha, ""The Chief AI Officer Report"" | Quess Corp - GenAI skills gap"
"AI, Data & Digital","AI governance, risk and regulation","AI risk, safety and model assurance","T03.S02.P02","New","74","2","2","policy/regulation","Y","Y","4","Rides the Annex III timeline with AI governance; narrower audience, so a module rather than a product.","10","6","28","15","15","Axial Search, 'The State of the AI Governance Job Market in 2026' | Risk Management Association of India"
"AI, Data & Digital","AI governance, risk and regulation","AI regulation and compliance (EU AI Act, DPDP, sectoral)","T03.S02.P03","New","81","4","1","policy/regulation","Y","","5","Three dated regimes converge in-window: AI Act Dec 2027, DPDP 13 May 2027, RBI AI policy.","20","3","28","15","15","Crowell & Moring client alert | DLA Piper GENIE | Gibson Dunn | Usercentrics knowledge hub"
"AI, Data & Digital","AI governance, risk and regulation","AI ethics, bias and fairness","T03.S02.P04","New","43","1","1","learner platform","","","","","5","3","12","8","15","Udemy 2026 Global Learning & Skills Trends"
"AI, Data & Digital","AI governance, risk and regulation","Board oversight of AI","T03.S02.P05","New","75","3","3","policy/regulation","","","4","RBI mandates a board-approved AI policy with annual review; AI Act makes boards accountable.","15","9","28","8","15","EY Center for Board Matters (Harvard CorpGov) | Gartner Top Predictions 2025 | RBI FREE-AI Committee Report (via Humaine Eti summary)"
"AI, Data & Digital","AI governance, risk and regulation","Board and ExCo AI literacy as regulatory evidence","T03.S02.P06","New","0","0","0","","","","5","A programme a company can point at to evidence Art.4, DORA and FREE-AI compliance. Non-discretionary and nobody sells it.","0","0","0","0","0",""
"AI, Data & Digital","AI governance, risk and regulation","Model observability and assurance for leaders","T03.S02.P07","New","55","1","1","job postings","","","4","41% of AI-governance postings ask for it. No programme anywhere addresses it for a leadership audience.","5","3","24","8","15","Axial Search, AI Governance job market analysis (1,997 US postings)"
"AI, Data & Digital","Digital transformation","Enterprise digital transformation strategy and roadmaps","T03.S03.P01","Transformed","0","0","0","","","","","","0","0","0","0","0",""
"AI, Data & Digital","Digital transformation","Legacy modernisation, cloud and platform migration","T03.S03.P02","Stable","0","0","0","","","","","","0","0","0","0","0",""
"AI, Data & Digital","Digital transformation","Digital operating model, agile at scale and product operating model","T03.S03.P03","Transformed","0","0","0","","","","","","0","0","0","0","0",""
"AI, Data & Digital","Digital transformation","Digital customer experience and omnichannel","T03.S03.P04","Transformed","0","0","0","","","","","","0","0","0","0","0",""
"AI, Data & Digital","Digital transformation","Automation, RPA and process digitisation","T03.S03.P05","Transformed","36","1","1","learner platform","","Y","","","5","3","12","8","8","LinkedIn Skills on the Rise 2026 (India) via Storyboard18"
"AI, Data & Digital","Data, analytics and decisions","Business analytics for decision-making","T03.S04.P01","Stable","70","5","4","employer survey","","","3","Mature, crowded, still bought.","25","12","14","8","11","LinkedIn Skills on the Rise 2026 - India | WEF Future of Jobs 2025 - France economy profile | WEF Future of Jobs 2025 - India economy profile | WEF Future of Jobs 2025 - US economy profile | WEF Future of Jobs Report 2025"
"AI, Data & Digital","Data, analytics and decisions","Data science and applied statistics for managers","T03.S04.P02","Stable","0","0","0","","","","","","0","0","0","0","0",""
"AI, Data & Digital","Data, analytics and decisions","Data visualisation and storytelling with data","T03.S04.P03","Stable","0","0","0","","","","","","0","0","0","0","0",""
"AI, Data & Digital","Data, analytics and decisions","Data governance, quality and architecture","T03.S04.P04","Transformed","0","0","0","","","","","","0","0","0","0","0",""
"AI, Data & Digital","Data, analytics and decisions","Experimentation, causal inference and A/B testing","T03.S04.P05","Stable","0","0","0","","","","","","0","0","0","0","0",""
"AI, Data & Digital","Data, analytics and decisions","AI-augmented decision-making and judgment","T03.S04.P06","New","71","3","3","job postings","","","4","Deloitte: 60% of executives use AI in decisions, 5% say they manage it well. Gap is wide and named.","15","9","24","8","15","Deloitte Human Capital Trends 2026 | HBR - Leading the human-AI organization | Quess Corp - GenAI skills gap"
"AI, Data & Digital","Cybersecurity and technology risk","Cybersecurity strategy for leaders and boards","T03.S05.P01","Transformed","86","6","3","policy/regulation","","","4","DORA board continuing-education duty plus RBI operational-resilience training mandates.","30","9","28","8","11","Lightcast ""The Speed of Skill Change"" | Lightcast - Skills change US | LinkedIn Skills on the Rise 2026 (US) via EdTech Innovation Hub | Quess Corp BFSI GCC Talent Report 2025 | Security Brigade | WEF Future of Jobs Report 2025"
"AI, Data & Digital","Cybersecurity and technology risk","Data privacy and protection","T03.S05.P02","Transformed","71","2","1","policy/regulation","Y","","5","DPDP substantive obligations and penalties to Rs 250 cr commence 13 May 2027.","10","3","28","15","15","Anand and Anand | ConsentOS DPDP compliance timeline"
"AI, Data & Digital","Cybersecurity and technology risk","Technology and operational resilience risk","T03.S05.P03","Transformed","67","2","2","policy/regulation","","","4","DORA and RBI operational-resilience training mandates both bite in-window.","10","6","28","8","15","PwC India on RBI Guidance Note | digital-operational-resilience-act.com (Reg (EU) 2022/2554 Art 5(4))"
"AI, Data & Digital","Emerging technology","Blockchain, tokenisation and Web3","T03.S06.P01","Stable","0","0","0","","","","","","0","0","0","0","0",""
"AI, Data & Digital","Emerging technology","IoT, digital twins and Industry 4.0","T03.S06.P02","Stable","0","0","0","","","","","","0","0","0","0","0",""
"AI, Data & Digital","Emerging technology","Quantum, robotics and frontier technology","T03.S06.P03","Stable","0","0","0","","","","","","0","0","0","0","0",""
"AI, Data & Digital","Emerging technology","Immersive technology, AR/VR and spatial computing","T03.S06.P04","Stable","0","0","0","","","","","","0","0","0","0","0",""
"Finance & Accounting","Finance for executives","Finance for non-finance managers","T04.S01.P01","Stable","0","0","0","","","","3","Perennial and heavily supplied.","0","0","0","0","0",""
"Finance & Accounting","Finance for executives","Financial statement analysis and accounting for decisions","T04.S01.P02","Stable","0","0","0","","","","","","0","0","0","0","0",""
"Finance & Accounting","Finance for executives","Corporate finance and capital allocation","T04.S01.P03","Stable","0","0","0","","","","3","Perennial. Under-evidenced by skills-led sources, not under-demanded.","0","0","0","0","0",""
"Finance & Accounting","Finance for executives","Valuation","T04.S01.P04","Stable","0","0","0","","","","","","0","0","0","0","0",""
"Finance & Accounting","Finance for executives","Cost, pricing and profitability management","T04.S01.P05","Stable","47","1","1","consultancy research","","","","","5","3","16","8","15","Michael Page India Salary Guide 2026 and TeamLease (via Business Today)"
"Finance & Accounting","Finance for executives","Budgeting, forecasting and FP&A","T04.S01.P06","Stable","43","1","1","learner platform","","","","","5","3","12","8","15","LinkedIn Skills on the Rise 2025"
"Finance & Accounting","Investment and capital markets","Investment management and portfolio theory","T04.S02.P01","Stable","0","0","0","","","","","","0","0","0","0","0",""
"Finance & Accounting","Investment and capital markets","Private equity and venture capital","T04.S02.P02","Stable","0","0","0","","","","","","0","0","0","0","0",""
"Finance & Accounting","Investment and capital markets","Capital markets, debt and equity raising","T04.S02.P03","Stable","0","0","0","","","","","","0","0","0","0","0",""
"Finance & Accounting","Investment and capital markets","Real estate finance and investment","T04.S02.P04","Stable","0","0","0","","","","","","0","0","0","0","0",""
"Finance & Accounting","Investment and capital markets","Alternative investments and hedge funds","T04.S02.P05","Stable","0","0","0","","","","","","0","0","0","0","0",""
"Finance & Accounting","Risk, treasury and financial regulation","Financial risk management","T04.S03.P01","Stable","0","0","0","","","","","","0","0","0","0","0",""
"Finance & Accounting","Risk, treasury and financial regulation","Treasury, liquidity and working capital","T04.S03.P02","Stable","0","0","0","","","","","","0","0","0","0","0",""
"Finance & Accounting","Risk, treasury and financial regulation","Banking strategy and regulation","T04.S03.P03","Stable","0","0","0","","","","","","0","0","0","0","0",""
"Finance & Accounting","Risk, treasury and financial regulation","Insurance and actuarial management","T04.S03.P04","Stable","0","0","0","","","","","","0","0","0","0","0",""
"Finance & Accounting","Risk, treasury and financial regulation","Forensic accounting, fraud and financial crime","T04.S03.P05","Stable","0","0","0","","","","","","0","0","0","0","0",""
"Finance & Accounting","Fintech and AI in finance","Fintech, digital payments and embedded finance","T04.S04.P01","Transformed","0","0","0","","","","","","0","0","0","0","0",""
"Finance & Accounting","Fintech and AI in finance","AI in finance: credit, trading and risk models","T04.S04.P02","New","0","0","0","","","","","","0","0","0","0","0",""
"Finance & Accounting","Fintech and AI in finance","AI for the CFO and finance function","T04.S04.P03","New","51","1","1","job postings","","","4","Finance is third in AI-skill posting growth at 40% and the CFO seat is where AI ROI gets adjudicated.","5","3","24","8","11","Lightcast ""Beyond the Buzz"" press release"
"Finance & Accounting","Fintech and AI in finance","Digital assets, CBDCs and crypto regulation","T04.S04.P04","Stable","0","0","0","","","","","","0","0","0","0","0",""
"Marketing, Sales & Customer","Marketing strategy and brand","Marketing strategy for executives","T05.S01.P01","Stable","0","0","0","","","","3","Stable; the AI disruption hits execution, not strategy.","0","0","0","0","0",""
"Marketing, Sales & Customer","Marketing strategy and brand","Brand management and positioning","T05.S01.P02","Stable","0","0","0","","","","","","0","0","0","0","0",""
"Marketing, Sales & Customer","Marketing strategy and brand","Customer insight, segmentation and market research","T05.S01.P03","Stable","0","0","0","","","","","","0","0","0","0","0",""
"Marketing, Sales & Customer","Marketing strategy and brand","Pricing strategy and revenue management","T05.S01.P04","Stable","0","0","0","","","","","","0","0","0","0","0",""
"Marketing, Sales & Customer","Marketing strategy and brand","Product management and product marketing","T05.S01.P05","Stable","0","0","0","","","","","","0","0","0","0","0",""
"Marketing, Sales & Customer","Marketing strategy and brand","B2B and industrial marketing","T05.S01.P06","Stable","0","0","0","","","","","","0","0","0","0","0",""
"Marketing, Sales & Customer","Digital growth and performance marketing","Digital marketing and performance media","T05.S02.P01","Transformed","0","0","0","","","","2","The function most directly automated by the tools being sold into it.","0","0","0","0","0",""
"Marketing, Sales & Customer","Digital growth and performance marketing","Social, content and influencer marketing","T05.S02.P02","Transformed","0","0","0","","","","","","0","0","0","0","0",""
"Marketing, Sales & Customer","Digital growth and performance marketing","Marketing analytics, attribution and MMM","T05.S02.P03","Transformed","0","0","0","","","","","","0","0","0","0","0",""
"Marketing, Sales & Customer","Digital growth and performance marketing","E-commerce, D2C and marketplace strategy","T05.S02.P04","Transformed","0","0","0","","","","","","0","0","0","0","0",""
"Marketing, Sales & Customer","Digital growth and performance marketing","Customer lifecycle, retention and CRM","T05.S02.P05","Stable","0","0","0","","","","","","0","0","0","0","0",""
"Marketing, Sales & Customer","AI in marketing","Generative AI for marketing and creative","T05.S03.P01","New","51","1","1","job postings","","","3","High adoption, low willingness to pay at executive level; it is a practitioner product.","5","3","24","8","11","Lightcast ""Beyond the Buzz"" press release"
"Marketing, Sales & Customer","AI in marketing","AI-driven personalisation at scale","T05.S03.P02","New","0","0","0","","","","","","0","0","0","0","0",""
"Marketing, Sales & Customer","AI in marketing","AI and the future of search / discovery","T05.S03.P03","New","0","0","0","","","","","","0","0","0","0","0",""
"Marketing, Sales & Customer","Sales and go-to-market","Sales leadership and sales force management","T05.S04.P01","Stable","55","1","1","job postings","","","3","Stable; the change is in sales ops and AI tooling, not leadership.","5","3","24","8","15","Lusha, ""The Chief AI Officer Report"""
"Marketing, Sales & Customer","Sales and go-to-market","Key account management and enterprise selling","T05.S04.P02","Stable","0","0","0","","","","","","0","0","0","0","0",""
"Marketing, Sales & Customer","Sales and go-to-market","Channel, distribution and route-to-market","T05.S04.P03","Stable","0","0","0","","","","","","0","0","0","0","0",""
"Marketing, Sales & Customer","Sales and go-to-market","Sales operations, enablement and AI in sales","T05.S04.P04","Transformed","51","2","2","learner platform","","","4","Almost no supply anywhere and a clear commercial payback story.","10","6","12","8","15","LinkedIn Skills on the Rise 2025 | LinkedIn Skills on the Rise 2026 (global)"
"Marketing, Sales & Customer","Sales and go-to-market","Negotiation for commercial outcomes","T05.S04.P05","Stable","0","0","0","","","","3","The argument that AI makes human skills scarcer is asserted, not measured. Do not sell it as evidenced.","0","0","0","0","0",""
"Operations, Supply Chain & Quality","Operations management","Operational excellence and process improvement","T06.S01.P01","Stable","41","2","1","learner platform","","","3","Mature. AI changes the tooling, not the demand level.","10","3","12","8","8","LinkedIn Skills on the Rise 2025 | LinkedIn Skills on the Rise 2026 (US) via EdTech Innovation Hub"
"Operations, Supply Chain & Quality","Operations management","Lean, Six Sigma and quality management","T06.S01.P02","Stable","0","0","0","","","","","","0","0","0","0","0",""
"Operations, Supply Chain & Quality","Operations management","Service operations management","T06.S01.P03","Stable","0","0","0","","","","","","0","0","0","0","0",""
"Operations, Supply Chain & Quality","Operations management","Manufacturing strategy and Industry 4.0 operations","T06.S01.P04","Transformed","63","2","1","job postings","Y","","3","PLI-driven and real, but ISB's manufacturing assets sit in Munjal, outside Exec Ed.","10","3","24","15","11","Manufacturing Today India | Naukri JobSpeak Jun 2026"
"Operations, Supply Chain & Quality","Operations management","Project management","T06.S01.P05","Stable","0","0","0","","","","3","Mature, commoditised, certification-led.","0","0","0","0","0",""
"Operations, Supply Chain & Quality","Supply chain and logistics","Supply chain strategy and design","T06.S02.P01","Stable","0","0","0","","","","","","0","0","0","0","0",""
"Operations, Supply Chain & Quality","Supply chain and logistics","Procurement, sourcing and supplier management","T06.S02.P02","Stable","0","0","0","","","","","","0","0","0","0","0",""
"Operations, Supply Chain & Quality","Supply chain and logistics","Logistics, warehousing and distribution networks","T06.S02.P03","Stable","0","0","0","","","","","","0","0","0","0","0",""
"Operations, Supply Chain & Quality","Supply chain and logistics","Demand planning, inventory and S&OP","T06.S02.P04","Stable","0","0","0","","","","","","0","0","0","0","0",""
"Operations, Supply Chain & Quality","Supply chain and logistics","Supply chain resilience and risk","T06.S02.P05","Transformed","0","0","0","","","","4","Tariffs, friendshoring and export controls are live and not reverting inside the window.","0","0","0","0","0",""
"Operations, Supply Chain & Quality","Supply chain and logistics","AI and digital in supply chain","T06.S02.P06","New","0","0","0","","","","","","0","0","0","0","0",""
"People, Talent & Organisation","HR strategy and the CHRO agenda","Strategic HR and business partnering","T07.S01.P01","Stable","0","0","0","","","","","","0","0","0","0","0",""
"People, Talent & Organisation","HR strategy and the CHRO agenda","CHRO and HR leadership","T07.S01.P02","Stable","59","2","1","consultancy research","Y","","3","Holds; the growth is in the AI-in-HR topic, not the generic CHRO agenda.","10","3","16","15","15","Gartner 2026 CHRO priorities survey | Gartner CHRO Priorities 2026"
"People, Talent & Organisation","HR strategy and the CHRO agenda","Employee relations, labour law and industrial relations","T07.S01.P03","Stable","0","0","0","","","","","","0","0","0","0","0",""
"People, Talent & Organisation","HR strategy and the CHRO agenda","Compensation, benefits and rewards","T07.S01.P04","Stable","0","0","0","","","","","","0","0","0","0","0",""
"People, Talent & Organisation","HR strategy and the CHRO agenda","HR operating model and shared services","T07.S01.P05","Stable","0","0","0","","","","","","0","0","0","0","0",""
"People, Talent & Organisation","Talent, learning and workforce","Talent acquisition and employer brand","T07.S02.P01","Stable","86","7","3","job postings","","Y","3","High evidence score, but it is practitioner-certification territory (SHRM, CIPD), not business-school territory.","30","9","24","8","15","LinkedIn Economic Graph Labor Market Report | LinkedIn Global Green Skills Report 2025 | Naukri JobSpeak Feb 2026 | Naukri JobSpeak Jun 2026 | Naukri JobSpeak May 2026 | WEF - future of jobs in India (story) | WEF Future of Jobs 2025 - India economy profile"
"People, Talent & Organisation","Talent, learning and workforce","Performance management and appraisal systems","T07.S02.P02","Stable","0","0","0","","","","","","0","0","0","0","0",""
"People, Talent & Organisation","Talent, learning and workforce","Learning, development and capability building","T07.S02.P03","Stable","71","5","3","industry body","","","4","WEF CPO Outlook now ranks job and org redesign (74%) above upskilling (70%); both land on this buyer.","25","9","18","8","11","India Skills Report 2026 (ETS, CII, AICTE, AIU, Taggd) via InsightsonIndia | LinkedIn Skills on the Rise 2026 (India) via Storyboard18 | LinkedIn Workplace Learning Report 2025 | WEF Future of Jobs 2025 - Germany economy profile | WEF Future of Jobs Report 2025"
"People, Talent & Organisation","Talent, learning and workforce","Workforce planning and skills-based organisation","T07.S02.P04","Transformed","88","5","3","job postings","Y","","4","Lightcast: a third of the average job's skills changed 2021-24, top quartile 75%. Churn roughly doubled per unit time.","25","9","24","15","15","Burning Glass Institute / BHEF / Wiley, ""Four Skill Sets Transforming Work"" | Lightcast ""The Speed of Skill Change"" / Skill Disruption Index | WEF Chief People Officers' Outlook May 2026 | WEF Future of Jobs 2025 - India economy profile | WEF Future of Jobs Report 2025"
"People, Talent & Organisation","Talent, learning and workforce","Leadership development and succession architecture","T07.S02.P05","Stable","50","2","1","employer survey","","","3","Steady institutional demand; rarely bought as an open programme.","10","3","14","8","15","LinkedIn Workplace Learning Report 2025 | WEF Future of Jobs Report 2025"
"People, Talent & Organisation","People analytics and AI in HR","People analytics and HR data","T07.S03.P01","Transformed","0","0","0","","","","","","0","0","0","0","0",""
"People, Talent & Organisation","People analytics and AI in HR","AI in HR: hiring, development and productivity","T07.S03.P02","New","80","4","2","job postings","Y","","4","HR leads AI-skill posting growth at 66%, and AI in hiring and promotion is Annex III high-risk. Obligation plus adoption.","20","6","24","15","15","Lightcast ""Beyond the Buzz"" press release | Naukri JobSpeak May 2026 | PwC 29th Annual Global CEO Survey: India perspective | Stanford AI Index 2024 (LinkedIn data) via IndiaAI"
"People, Talent & Organisation","People analytics and AI in HR","Employee experience and productivity measurement","T07.S03.P03","Transformed","0","0","0","","","","","","0","0","0","0","0",""
"People, Talent & Organisation","Culture, DEI and organisational behaviour","Organisational culture and culture change","T07.S04.P01","Stable","0","0","0","","","","","","0","0","0","0","0",""
"People, Talent & Organisation","Culture, DEI and organisational behaviour","Diversity, equity and inclusion","T07.S04.P02","Stable","0","0","0","","","","","","0","0","0","0","0",""
"People, Talent & Organisation","Culture, DEI and organisational behaviour","Women's leadership and gender in the workplace","T07.S04.P03","Stable","0","0","0","","","","3","Steady institutional demand, no new driver in the window.","0","0","0","0","0",""
"People, Talent & Organisation","Culture, DEI and organisational behaviour","Organisational behaviour and motivation","T07.S04.P04","Stable","0","0","0","","","","","","0","0","0","0","0",""
"People, Talent & Organisation","Culture, DEI and organisational behaviour","Power, politics and influence in organisations","T07.S04.P05","Stable","0","0","0","","","","","","0","0","0","0","0",""
"Governance, Risk & Legal","Board governance","Board effectiveness and director duties","T08.S01.P01","Stable","64","2","1","policy/regulation","","","4","Independent-director obligations plus AI and ESG accountability landing on boards at once.","10","3","28","8","15","IICA / Companies Act s.150(1) (via iPleaders guide) | Independent Directors Databank (IICA/MCA)"
"Governance, Risk & Legal","Board governance","Board committees: audit, remuneration, risk, nomination","T08.S01.P02","Stable","0","0","0","","","","","","0","0","0","0","0",""
"Governance, Risk & Legal","Board governance","Chair, CEO-board relationship and board dynamics","T08.S01.P03","Stable","0","0","0","","","","","","0","0","0","0","0",""
"Governance, Risk & Legal","Board governance","Board oversight of strategy, technology and AI","T08.S01.P04","New","66","1","1","policy/regulation","Y","","4","Same board accountability wave; pairs naturally with a board credential.","5","3","28","15","15","Nasdaq (governance)"
"Governance, Risk & Legal","Board governance","Governance in family, state-owned and private companies","T08.S01.P05","Stable","0","0","0","","","","","","0","0","0","0","0",""
"Governance, Risk & Legal","Enterprise risk and compliance","Enterprise risk management","T08.S02.P01","Stable","39","1","1","learner platform","","","","","5","3","12","8","11","LinkedIn Skills on the Rise 2026 (global)"
"Governance, Risk & Legal","Enterprise risk and compliance","Internal audit, controls and assurance","T08.S02.P02","Stable","0","0","0","","","","","","0","0","0","0","0",""
"Governance, Risk & Legal","Enterprise risk and compliance","Compliance, ethics and integrity programmes","T08.S02.P03","Stable","51","2","2","learner platform","","","4","Carried by the same regulatory wave; the audience is the GC and CCO more than the CEO.","10","6","12","8","15","LinkedIn Skills on the Rise 2025 | LinkedIn Skills on the Rise 2026 (global)"
"Governance, Risk & Legal","Enterprise risk and compliance","Reputation and stakeholder risk","T08.S02.P04","Stable","0","0","0","","","","","","0","0","0","0","0",""
"Governance, Risk & Legal","Business law and regulation","Commercial contracts and contract management","T08.S03.P01","Stable","0","0","0","","","","","","0","0","0","0","0",""
"Governance, Risk & Legal","Business law and regulation","India regulatory stack for boards: DPDP, BRSR and RBI AI","T08.S03.P02","New","0","0","0","","","","4","Three Indian obligations land together; no school bundles them for a board audience.","0","0","0","0","0",""
"Governance, Risk & Legal","Business law and regulation","Competition, antitrust and sector regulation","T08.S03.P03","Stable","0","0","0","","","","","","0","0","0","0","0",""
"Governance, Risk & Legal","Business law and regulation","Insolvency, bankruptcy and dispute resolution","T08.S03.P04","Stable","0","0","0","","","","","","0","0","0","0","0",""
"Governance, Risk & Legal","Business law and regulation","Intellectual property and technology law","T08.S03.P05","Transformed","0","0","0","","","","","","0","0","0","0","0",""
"Innovation & Entrepreneurship","Innovation management","Innovation strategy and portfolio","T09.S01.P01","Stable","45","1","1","employer survey","","","","","5","3","14","8","15","PwC 29th CEO Survey - India"
"Innovation & Entrepreneurship","Innovation management","Design thinking and human-centred design","T09.S01.P02","Stable","0","0","0","","","","","","0","0","0","0","0",""
"Innovation & Entrepreneurship","Innovation management","R&D management and technology commercialisation","T09.S01.P03","Stable","0","0","0","","","","","","0","0","0","0","0",""
"Innovation & Entrepreneurship","Innovation management","Corporate venturing and open innovation","T09.S01.P04","Stable","0","0","0","","","","","","0","0","0","0","0",""
"Innovation & Entrepreneurship","Innovation management","Intrapreneurship and new business building","T09.S01.P05","Stable","0","0","0","","","","","","0","0","0","0","0",""
"Innovation & Entrepreneurship","Entrepreneurship","Starting and scaling a venture","T09.S02.P01","Stable","55","1","1","job postings","","","3","Perennial; ISB's asset here is an incubator brand, not a research centre.","5","3","24","8","15","LinkedIn Jobs on the Rise 2026 - US"
"Innovation & Entrepreneurship","Entrepreneurship","Fundraising and investor readiness","T09.S02.P02","Stable","0","0","0","","","","","","0","0","0","0","0",""
"Innovation & Entrepreneurship","Entrepreneurship","Family business succession and next-generation owners","T09.S02.P03","Stable","0","0","0","","","","","","0","0","0","0","0",""
"Innovation & Entrepreneurship","Entrepreneurship","Social entrepreneurship and impact ventures","T09.S02.P04","Stable","0","0","0","","","","","","0","0","0","0","0",""
"Innovation & Entrepreneurship","Entrepreneurship","Franchising, SME growth and business ownership","T09.S02.P05","Stable","0","0","0","","","","","","0","0","0","0","0",""
"Sustainability, ESG & Climate","Sustainability strategy","Sustainability and ESG strategy for the enterprise","T10.S01.P01","Transformed","83","4","3","job postings","Y","Y","3","Down in Europe, up in India. The CSRD omnibus cut ~42,000 companies from scope; SEBI BRSR value-chain rules push the other way.","20","9","24","15","15","EY European FS Board Sustainability | Lightcast ""The Speed of Skill Change"" | LinkedIn Global Green Skills Report 2025 | WEF Future of Jobs Report 2025"
"Sustainability, ESG & Climate","Sustainability strategy","Net-zero transition and decarbonisation","T10.S01.P02","New","59","1","1","policy/regulation","Y","","2","CS3D Article 22 climate-transition-plan duty deleted; CEEW puts India's green jobs in deployment and O&M, with no managerial layer.","5","3","28","15","8","NITI Aayog, Roadmap for Green Transition of MSMEs"
"Sustainability, ESG & Climate","Sustainability strategy","Circular economy and sustainable operations","T10.S01.P03","Stable","0","0","0","","","","","","0","0","0","0","0",""
"Sustainability, ESG & Climate","Sustainability strategy","Sustainable finance, green bonds and climate risk in finance","T10.S01.P04","Transformed","0","0","0","","","","2","Follows the European retreat; India's version is too small to carry a programme yet.","0","0","0","0","0",""
"Sustainability, ESG & Climate","ESG disclosure and governance","ESG reporting, assurance and CSRD/BRSR compliance","T10.S02.P01","New","89","5","2","policy/regulation","Y","Y","3","India rising, Europe falling sharply. Net flat, and the two must not be averaged in a pitch.","25","6","28","15","15","CSquare Carbon | PwC Global Sustainability Reporting Survey 2025 | Socious ISSB adoption tracker | Uniqus, BRSR reporting and assurance framework update | ricago blog"
"Sustainability, ESG & Climate","ESG disclosure and governance","Climate risk governance and board oversight of ESG","T10.S02.P02","New","0","0","0","","","","","","0","0","0","0","0",""
"Sustainability, ESG & Climate","ESG disclosure and governance","Social impact, CSR and community investment","T10.S02.P03","Stable","0","0","0","","","","","","0","0","0","0","0",""
"Sustainability, ESG & Climate","ESG disclosure and governance","Energy transition and renewables business","T10.S02.P04","Transformed","43","1","1","industry body","Y","","","","5","3","18","15","2","SolarQuarter reporting CEEW-NRDC"
"Public Policy, Government & Infrastructure","Public policy and governance","Public policy design and analysis","T11.S01.P01","Stable","0","0","0","","","","","","0","0","0","0","0",""
"Public Policy, Government & Infrastructure","Public policy and governance","Regulatory economics and market design","T11.S01.P02","Stable","0","0","0","","","","","","0","0","0","0","0",""
"Public Policy, Government & Infrastructure","Public policy and governance","Governance for civil servants and elected representatives","T11.S01.P03","Stable","0","0","0","","","","","","0","0","0","0","0",""
"Public Policy, Government & Infrastructure","Public policy and governance","Digital public infrastructure and e-governance","T11.S01.P04","New","0","0","0","","","","","","0","0","0","0","0",""
"Public Policy, Government & Infrastructure","Public policy and governance","Public-private partnerships and infrastructure finance","T11.S01.P05","Stable","0","0","0","","","","","","0","0","0","0","0",""
"Public Policy, Government & Infrastructure","Sector and development policy","Urban management and smart cities","T11.S02.P01","Stable","0","0","0","","","","","","0","0","0","0","0",""
"Public Policy, Government & Infrastructure","Sector and development policy","Agriculture, rural and food systems policy","T11.S02.P02","Stable","0","0","0","","","","","","0","0","0","0","0",""
"Public Policy, Government & Infrastructure","Sector and development policy","Education policy and institutional leadership","T11.S02.P03","Stable","0","0","0","","","","","","0","0","0","0","0",""
"Public Policy, Government & Infrastructure","Sector and development policy","Defence, security and strategic affairs","T11.S02.P04","Stable","66","1","1","policy/regulation","Y","","3","India indigenisation is real but the buyer is government and PSU, not open-enrolment.","5","3","28","15","15","Press Information Bureau, Government of India"
"Healthcare & Life Sciences","Healthcare management","Hospital and healthcare operations management","T12.S01.P01","Stable","39","1","1","news","Y","","4","India produces ~2,500 hospital-management professionals a year against 21,000 needed now and ~45,000 by 2030.","5","3","8","15","8","Study reported by Outlook India Healthcare Spotlight"
"Healthcare & Life Sciences","Healthcare management","Healthcare strategy, payers and providers","T12.S01.P02","Stable","0","0","0","","","","4","Same supply gap, and ISB already has the Max Institute and Sarang Deo.","0","0","0","0","0",""
"Healthcare & Life Sciences","Healthcare management","Public health policy and programme management","T12.S01.P03","Stable","0","0","0","","","","","","0","0","0","0","0",""
"Healthcare & Life Sciences","Healthcare management","Digital health, health analytics and AI in medicine","T12.S01.P04","New","52","1","1","policy/regulation","","","4","ABDM plus India's hospital-management shortage; ISB has the Max Institute.","5","3","28","8","8","EHR.Network"
"Healthcare & Life Sciences","Life sciences and pharma","Pharmaceutical and biotech management","T12.S02.P01","Stable","0","0","0","","","","","","0","0","0","0","0",""
"Healthcare & Life Sciences","Life sciences and pharma","Medical device and diagnostics business","T12.S02.P02","Stable","0","0","0","","","","","","0","0","0","0","0",""
"Healthcare & Life Sciences","Life sciences and pharma","Clinical leadership for doctors and care teams","T12.S02.P03","Stable","0","0","0","","","","","","0","0","0","0","0",""
"Sector-Specific Management","Regulated and asset-heavy sectors","Banking, financial services and insurance sector management","T13.S01.P01","Stable","0","0","0","","","","","","0","0","0","0","0",""
"Sector-Specific Management","Regulated and asset-heavy sectors","Energy, utilities, oil and gas management","T13.S01.P02","Stable","0","0","0","","","","","","0","0","0","0","0",""
"Sector-Specific Management","Regulated and asset-heavy sectors","Infrastructure, construction and real estate development","T13.S01.P03","Stable","0","0","0","","","","","","0","0","0","0","0",""
"Sector-Specific Management","Regulated and asset-heavy sectors","Telecom, media and entertainment management","T13.S01.P04","Stable","0","0","0","","","","","","0","0","0","0","0",""
"Sector-Specific Management","Regulated and asset-heavy sectors","Transport, aviation, shipping and railways","T13.S01.P05","Stable","43","1","1","consultancy research","","Y","","","5","3","16","8","11","Ken Research press releases (via OpenPR)"
"Sector-Specific Management","Services and consumer sectors","Retail and consumer goods management","T13.S02.P01","Stable","0","0","0","","","","","","0","0","0","0","0",""
"Sector-Specific Management","Services and consumer sectors","Hospitality, travel and tourism management","T13.S02.P02","Stable","0","0","0","","","","","","0","0","0","0","0",""
"Sector-Specific Management","Services and consumer sectors","IT services, GCC and global capability centre leadership","T13.S02.P03","New","87","9","1","job postings","Y","","5","Global roles held from India 115 (2015) to 6,500 (2024) to a projected 30,000 by 2030. No Indian school sells this at scale.","30","3","24","15","15","BW People | Naukri JobSpeak June 2026 | Naukri JobSpeak, August 2026 (via ANI) | ORF, 'Capability in the Age of AI: India's GCCs' | PwC-FICCI GCC survey | The Scalers - GCC Week India 2025 | Zinnov and NASSCOM, India GCC Landscape 2026, via Flexiple | Zinnov, 'The Rise of Global Roles in India' | Zinnov-nasscom India GCC Landscape 2026"
"Sector-Specific Management","Services and consumer sectors","Influencing global headquarters from a captive centre","T13.S02.P04","New","0","0","0","","","","5","Named by GCC leaders as the top capability gap and taught by nobody. Same driver as GCC growth.","0","0","0","0","0",""
"Sector-Specific Management","Services and consumer sectors","Professional services and consulting management","T13.S02.P05","Stable","0","0","0","","","","","","0","0","0","0","0",""
"Sector-Specific Management","Services and consumer sectors","Sports, arts and luxury management","T13.S02.P06","Stable","0","0","0","","","","","","0","0","0","0","0",""
"Personal Effectiveness & Communication","Executive presence and communication","Executive presence and personal brand","T14.S01.P01","Stable","0","0","0","","","","3","Stable; ISB's best seller sits here, which is a revenue fact, not a demand trend.","0","0","0","0","0",""
"Personal Effectiveness & Communication","Executive presence and communication","Business storytelling and narrative","T14.S01.P02","Stable","36","1","1","learner platform","","","3","Same caveat. Stable demand, no new driver.","5","3","12","8","8","LinkedIn Skills on the Rise 2026 - UK"
"Personal Effectiveness & Communication","Executive presence and communication","Public speaking, presentation and boardroom communication","T14.S01.P03","Stable","0","0","0","","","","","","0","0","0","0","0",""
"Personal Effectiveness & Communication","Executive presence and communication","Business writing and structured communication","T14.S01.P04","Stable","0","0","0","","","","","","0","0","0","0","0",""
"Personal Effectiveness & Communication","Executive presence and communication","Media, investor and stakeholder communication","T14.S01.P05","Stable","43","1","1","learner platform","","","","","5","3","12","8","15","LinkedIn Skills on the Rise 2026 (global)"
"Personal Effectiveness & Communication","Executive presence and communication","Cross-cultural and global communication","T14.S01.P06","Stable","0","0","0","","","","","","0","0","0","0","0",""
"Personal Effectiveness & Communication","Personal productivity and judgment","Decision-making, biases and behavioural judgment","T14.S02.P01","Stable","55","2","1","learner platform","Y","","4","Gains value as AI drafts more of the analysis, though the mechanism is argued rather than measured.","10","3","12","15","15","MIT Sloan Management Review — 'What's Your Edge? Rethinking Expertise in the Age of AI' | Udemy 2026 Global Learning & Skills Trends"
"Personal Effectiveness & Communication","Personal productivity and judgment","Critical thinking and problem solving","T14.S02.P02","Stable","53","2","1","employer survey","Y","","3","WEF keeps it top-five, but it is hard to sell as a standalone product.","10","3","14","15","11","Harvard Business Review — Graham Kenny and Ganna Pogrebna | WEF Future of Jobs Report 2025"
"Personal Effectiveness & Communication","Personal productivity and judgment","Time, attention and personal productivity","T14.S02.P03","Transformed","0","0","0","","","","","","0","0","0","0","0",""
"Personal Effectiveness & Communication","Personal productivity and judgment","Networking, influence and career strategy","T14.S02.P04","Stable","39","1","1","learner platform","","","","","5","3","12","8","11","LinkedIn Skills on the Rise 2026 (global)"
"Personal Effectiveness & Communication","Personal productivity and judgment","Emotional intelligence and self-awareness","T14.S02.P05","Stable","53","2","2","employer survey","","","4","Rides the same WEF social-influence delta. Rises as more routine analysis is automated.","10","6","14","8","15","Gartner HR Priorities 2025 | WEF - future of jobs in India (story)"
"Personal Effectiveness & Communication","Personal productivity and judgment","Conflict management and mediation skills","T14.S02.P06","Stable","36","1","1","learner platform","","","","","5","3","12","8","8","LinkedIn Skills on the Rise 2025"
"General Management (Integrative)","Comprehensive general management","General management programmes for senior leaders","T15.S01.P01","Stable","43","1","1","learner platform","Y","","4","India-specific: KPMG/AIMA Management Capability Development Index fell from 76 (2011) to 69.7 (2024). Classic GM is not saturated here even as Western manager seats contract.","5","3","12","15","8","Inc. reporting on LinkedIn Skills on the Rise 2026"
"General Management (Integrative)","Comprehensive general management","Mini-MBA and business fundamentals for specialists","T15.S01.P02","Stable","39","1","1","learner platform","","","","","5","3","12","8","11","LinkedIn Skills on the Rise 2026 (via Storyboard18)"
"General Management (Integrative)","Comprehensive general management","Cross-functional business simulation and integration","T15.S01.P03","Stable","0","0","0","","","","","","0","0","0","0","0",""
"General Management (Integrative)","Comprehensive general management","Owner-manager and promoter programmes","T15.S01.P04","Stable","0","0","0","","","","","","0","0","0","0","0",""
