"theme","total_new","isb","iima","iimb","iimc","iimi","iimk","iiml","spjain","hbs","hec","imd","insead","kellogg","lbs","stanford","wharton","emeritus","imarticus","jaro","timespro"
"Leadership & Executive Capability","15","0","0","0","4","0","4","0","0","0","0","4","0","0","0","0","3","0","0","0","0"
"Innovation & Entrepreneurship","11","0","0","0","1","0","0","0","0","0","0","0","0","0","0","0","10","0","0","0","0"
"AI, Data & Digital","8","0","0","0","0","0","4","0","0","0","0","1","0","0","0","0","3","0","0","0","0"
"Marketing, Sales & Customer","6","0","0","0","2","0","2","1","0","0","0","0","0","0","0","0","1","0","0","0","0"
"Strategy","5","0","0","0","0","0","2","0","0","0","0","0","0","0","0","0","3","0","0","0","0"
"Finance & Accounting","5","0","0","1","0","0","0","0","0","0","0","0","0","0","0","0","4","0","0","0","0"
"People, Talent & Organisation","5","0","0","0","1","0","3","1","0","0","0","0","0","0","0","0","0","0","0","0","0"
"Personal Effectiveness & Communication","2","0","0","0","1","0","1","0","0","0","0","0","0","0","0","0","0","0","0","0","0"
"Sustainability, ESG & Climate","1","0","0","0","0","0","0","0","0","0","0","1","0","0","0","0","0","0","0","0","0"
"General Management (Integrative)","1","0","0","0","0","0","0","1","0","0","0","0","0","0","0","0","0","0","0","0","0"
