"call","theme","subtheme","topic","topic_id","ai_era_flag","isb","india_comp","global_comp","total_supply","schools_present","isb_incl_secondary","supply_incl_secondary","supply_is_residual_bucket","demand_is_manually_mapped","demand_score","demand_sources","demand_geographies","demand_source_list"
"LEAD - demand evidenced, supply thin everywhere","Leadership & Executive Capability","Leading human-AI organisations","Building AI fluency and adoption in the workforce","T01.S04.P03","New","0","0","0","0","0","0","0","","","16","8","Europe;Global;India;US","BCG AI at Work 2025 | BCG AI at Work 2025 - India | EFMD Global CLO Roundtable 2025 | EU AI Act Article 4 | LinkedIn Economic Graph Labor Market Report | LinkedIn Skills on the Rise 2025 | WEF Future of Jobs 2025 - Germany economy profile | WEF Future of Jobs 2025 - UK economy profile"
"LEAD - demand evidenced, supply thin everywhere","People, Talent & Organisation","Talent, learning and workforce","Talent acquisition and employer brand","T07.S02.P01","Stable","0","0","0","0","0","0","2","","","15","7","Europe;Global;India","LinkedIn Economic Graph Labor Market Report | LinkedIn Global Green Skills Report 2025 | Naukri JobSpeak Feb 2026 | Naukri JobSpeak Jun 2026 | Naukri JobSpeak May 2026 | WEF - future of jobs in India (story) | WEF Future of Jobs 2025 - India economy profile"
"LEAD - demand evidenced, supply thin everywhere","People, Talent & Organisation","Talent, learning and workforce","Learning, development and capability building","T07.S02.P03","Stable","0","1","0","1","1","0","2","","","10","3","Europe;Global","LinkedIn Workplace Learning Report 2025 | WEF Future of Jobs 2025 - Germany economy profile | WEF Future of Jobs Report 2025"
"LEAD - demand evidenced, supply thin everywhere","Leadership & Executive Capability","Leading human-AI organisations","Leading through AI-driven workforce disruption","T01.S04.P05","New","0","0","0","0","0","0","0","","","10","3","Global;US","Lightcast - Beyond the Buzz | LinkedIn Jobs on the Rise 2026 - US | WEF Four Futures for Jobs (AI and Talent in 2030)"
"LEAD - demand evidenced, supply thin everywhere","AI, Data & Digital","AI governance, risk and regulation","Board oversight of AI","T03.S02.P05","New","0","0","1","1","1","0","2","","","8","2","Global;US","EY Center for Board Matters (Harvard CorpGov) | Gartner Top Predictions 2025"
"LEAD - demand evidenced, supply thin everywhere","Marketing, Sales & Customer","Sales and go-to-market","Sales operations, enablement and AI in sales","T05.S04.P04","Transformed","0","0","0","0","0","0","1","","","8","2","Global;US","LinkedIn Skills on the Rise 2025 | LinkedIn Skills on the Rise 2026 (global)"
"LEAD - demand evidenced, supply thin everywhere","People, Talent & Organisation","Talent, learning and workforce","Workforce planning and skills-based organisation","T07.S02.P04","Transformed","0","0","0","0","0","0","0","","","8","2","Global;India","WEF Future of Jobs 2025 - India economy profile | WEF Future of Jobs Report 2025"
"LEAD/FAST-FOLLOW - early market","Leadership & Executive Capability","Change, resilience and crisis","Personal resilience, wellbeing and burnout","T01.S05.P03","Stable","0","3","1","4","3","0","4","","","10","3","Europe;Global","LinkedIn Skills on the Rise 2026 - UK | UNICON 2026 (SSE) | WEF Future of Jobs Report 2025"
"LEAD/FAST-FOLLOW - early market","Governance, Risk & Legal","Enterprise risk and compliance","Compliance, ethics and integrity programmes","T08.S02.P03","Stable","0","2","1","3","2","0","3","","","8","2","Global;US","LinkedIn Skills on the Rise 2025 | LinkedIn Skills on the Rise 2026 (global)"
"FOLLOW - proven market, ISB absent","Leadership & Executive Capability","Foundational leadership","Leadership styles and situational leadership","T01.S01.P05","Stable","0","16","45","61","8","0","61","Y","","16","12","Europe;Global;India;US","Business Today - GCC senior returnees | CIO.com - CIO hiring 2026 | CarringtonCrisp FLEE (via AACSB) | Coqual & Catalyst - AI leadership gap | HBR - Developing judgment in the AI era | LinkedIn Skills on the Rise 2026 - India | LinkedIn Skills on the Rise 2026 - UK | Microsoft Work Trend Index 2026 "
"FOLLOW - proven market, ISB absent","AI, Data & Digital","AI foundations for leaders","Generative AI foundations and prompting","T03.S01.P02","New","0","2","3","5","5","0","11","","","15","14","Global;India;US","Coursera 2025 Year in Review | Coursera Global Skills Report 2025 | Coursera Global Skills Report 2025 - India | Coursera Job Skills Report 2025 | Google Year in Search 2025 (via SEJ) | India Skills Report 2026 | Lightcast - Beyond the Buzz | Lightcast - GenAI job market 2025 | Lightcast - Skills ch"
"FOLLOW - proven market, ISB absent","Leadership & Executive Capability","Leading human-AI organisations","Leading teams that include AI agents","T01.S04.P01","New","0","7","0","7","4","0","7","","","13","8","Global","BCG AI at Work 2025 | HBR - Companies need agent managers | HBR - Organizations aren't ready for agentic AI risks | HBR Analytic Services - agentic AI survey | McKinsey State of AI 2025 | McKinsey State of AI 2026 | Microsoft Work Trend Index 2025 | Udemy 2026 Global Learning & Skills Trends"
"FOLLOW - proven market, ISB absent","Leadership & Executive Capability","Change, resilience and crisis","Leading change and transformation","T01.S05.P01","Stable","0","3","3","6","5","0","7","","","13","4","Global;India;US","CarringtonCrisp FLEE (via AACSB) | Gartner HR Priorities 2025 | LinkedIn Skills on the Rise 2026 (secondary summary) | WEF Future of Jobs 2025 - India economy profile"
"FOLLOW - proven market, ISB absent","AI, Data & Digital","Data, analytics and decisions","AI-augmented decision-making and judgment","T03.S04.P06","New","0","5","0","5","4","0","6","","","11","3","Global;India;US","Deloitte Human Capital Trends 2026 | HBR - Leading the human-AI organization | Quess Corp - GenAI skills gap"
"FOLLOW - proven market, ISB absent","AI, Data & Digital","AI governance, risk and regulation","AI governance frameworks and operating models","T03.S02.P01","New","0","0","0","0","0","1","7","","","11","3","Global;India;US","IAPP AI Governance Profession Report 2025 | KPMG Board Leadership - 2026 board agenda | Quess Corp - GenAI skills gap"
"FOLLOW - proven market, ISB absent","Sustainability, ESG & Climate","Sustainability strategy","Sustainability and ESG strategy for the enterprise","T10.S01.P01","Transformed","0","7","13","20","7","0","23","Y","","10","3","Europe;Global","EY European FS Board Sustainability | LinkedIn Global Green Skills Report 2025 | WEF Future of Jobs Report 2025"
"FOLLOW - proven market, ISB absent","Personal Effectiveness & Communication","Personal productivity and judgment","Emotional intelligence and self-awareness","T14.S02.P05","Stable","0","4","0","4","3","0","11","","","8","2","Global;India","Gartner HR Priorities 2025 | WEF - future of jobs in India (story)"
"FOLLOW - proven market, ISB absent","Leadership & Executive Capability","Change, resilience and crisis","Leading in uncertainty, volatility and ambiguity","T01.S05.P05","Stable","0","3","3","6","4","0","6","Y","","7","2","Global","Deloitte Human Capital Trends 2026 | Gartner CHRO Priorities 2026"
"FOLLOW - proven market, ISB absent","Strategy","Corporate and competitive strategy","Business model innovation and reinvention","T02.S01.P05","Transformed","0","2","2","4","4","0","6","","","7","2","Global","Deloitte Human Capital Trends 2025 | PwC 29th Global CEO Survey"
"DEFEND & DEEPEN - ISB present in a hot crowded space","AI, Data & Digital","Data, analytics and decisions","Business analytics for decision-making","T03.S04.P01","Stable","1","24","6","31","8","1","36","Y","","16","5","Europe;Global;India;US","LinkedIn Skills on the Rise 2026 - India | WEF Future of Jobs 2025 - France economy profile | WEF Future of Jobs 2025 - India economy profile | WEF Future of Jobs 2025 - US economy profile | WEF Future of Jobs Report 2025"
"DEFEND & DEEPEN - ISB present in a hot crowded space","Strategy","AI-era strategy","AI strategy for the enterprise","T02.S03.P01","New","2","6","5","13","9","2","14","","","8","2","Global;India","PwC 29th CEO Survey - India | WEF Future of Jobs Report 2025"
"FOLLOW (weak demand evidence) - competitors crowded","Innovation & Entrepreneurship","Entrepreneurship","Starting and scaling a venture","T09.S02.P01","Stable","0","14","7","21","7","0","28","Y","","5","1","US","LinkedIn Jobs on the Rise 2026 - US"
"FOLLOW (weak demand evidence) - competitors crowded","Innovation & Entrepreneurship","Innovation management","Innovation strategy and portfolio","T09.S01.P01","Stable","0","2","16","18","5","0","18","Y","","5","1","India","PwC 29th CEO Survey - India"
"FOLLOW (weak demand evidence) - competitors crowded","Personal Effectiveness & Communication","Personal productivity and judgment","Decision-making, biases and behavioural judgment","T14.S02.P01","Stable","0","7","7","14","7","0","26","Y","","5","1","Global","Udemy 2026 Global Learning & Skills Trends"
"FOLLOW (weak demand evidence) - competitors crowded","Leadership & Executive Capability","Senior and C-suite leadership","Becoming a C-suite officer (role-specific ladders)","T01.S02.P02","Stable","0","4","6","10","6","3","55","Y","","5","1","Global","IBM IBV - Chief AI Officer"
"FOLLOW (weak demand evidence) - competitors crowded","People, Talent & Organisation","Talent, learning and workforce","Leadership development and succession architecture","T07.S02.P05","Stable","0","3","5","8","5","0","8","","","5","1","Global","WEF Future of Jobs Report 2025"
"FOLLOW (weak demand evidence) - competitors crowded","Personal Effectiveness & Communication","Personal productivity and judgment","Critical thinking and problem solving","T14.S02.P02","Stable","0","2","1","3","3","0","10","","","5","1","Global","WEF Future of Jobs Report 2025"
"FOLLOW (weak demand evidence) - competitors crowded","Leadership & Executive Capability","Senior and C-suite leadership","CEO / top management leadership","T01.S02.P01","Stable","0","7","16","23","9","0","28","","","0","0","",""
"FOLLOW (weak demand evidence) - competitors crowded","People, Talent & Organisation","HR strategy and the CHRO agenda","Strategic HR and business partnering","T07.S01.P01","Stable","0","21","2","23","7","0","31","Y","","0","0","",""
"FOLLOW (weak demand evidence) - competitors crowded","Finance & Accounting","Investment and capital markets","Investment management and portfolio theory","T04.S02.P01","Stable","0","3","18","21","7","0","33","","","0","0","",""
"FOLLOW (weak demand evidence) - competitors crowded","Finance & Accounting","Finance for executives","Finance for non-finance managers","T04.S01.P01","Stable","0","10","9","19","9","0","19","Y","","0","0","",""
"FOLLOW (weak demand evidence) - competitors crowded","Finance & Accounting","Finance for executives","Financial statement analysis and accounting for decisions","T04.S01.P02","Stable","0","16","2","18","7","0","29","","","0","0","",""
"FOLLOW (weak demand evidence) - competitors crowded","Operations, Supply Chain & Quality","Supply chain and logistics","Supply chain strategy and design","T06.S02.P01","Stable","0","10","6","16","9","0","24","","","0","0","",""
"FOLLOW (weak demand evidence) - competitors crowded","Marketing, Sales & Customer","Sales and go-to-market","Sales leadership and sales force management","T05.S04.P01","Stable","0","10","3","13","7","0","13","Y","","0","0","",""
"FOLLOW (weak demand evidence) - competitors crowded","Personal Effectiveness & Communication","Executive presence and communication","Public speaking, presentation and boardroom communication","T14.S01.P03","Stable","0","4","9","13","6","0","14","Y","","0","0","",""
"FOLLOW (weak demand evidence) - competitors crowded","Innovation & Entrepreneurship","Entrepreneurship","Family business succession and next-generation owners","T09.S02.P03","Stable","0","5","5","10","5","0","16","","","0","0","",""
"FOLLOW (weak demand evidence) - competitors crowded","Strategy","M&A and corporate development","M&A strategy and deal rationale","T02.S05.P01","Stable","0","3","6","9","7","0","12","","","0","0","",""
"FOLLOW (weak demand evidence) - competitors crowded","Innovation & Entrepreneurship","Innovation management","Design thinking and human-centred design","T09.S01.P02","Stable","0","7","2","9","6","0","10","","","0","0","",""
"FOLLOW (weak demand evidence) - competitors crowded","Marketing, Sales & Customer","Marketing strategy and brand","Brand management and positioning","T05.S01.P02","Stable","0","6","2","8","5","0","8","","","0","0","",""
"FOLLOW (weak demand evidence) - competitors crowded","Leadership & Executive Capability","Senior and C-suite leadership","Leading the enterprise / enterprise-wide leadership","T01.S02.P03","Stable","0","6","1","7","5","0","11","","","0","0","",""
"FOLLOW (weak demand evidence) - competitors crowded","Strategy","Corporate and competitive strategy","Corporate strategy, portfolio and diversification","T02.S01.P02","Stable","0","3","3","6","5","0","8","","","0","0","",""
"FOLLOW (weak demand evidence) - competitors crowded","Marketing, Sales & Customer","AI in marketing","Generative AI for marketing and creative","T05.S03.P01","New","0","5","1","6","4","0","12","","","0","0","",""
"FOLLOW (weak demand evidence) - competitors crowded","Leadership & Executive Capability","Leading people and teams","Coaching and the leader as coach","T01.S03.P03","Stable","0","0","5","5","2","0","7","","","0","0","",""
"FOLLOW (weak demand evidence) - competitors crowded","Strategy","Corporate and competitive strategy","Strategic thinking for executives","T02.S01.P03","Stable","0","4","1","5","3","0","9","","","0","0","",""
"FOLLOW (weak demand evidence) - competitors crowded","AI, Data & Digital","Data, analytics and decisions","Data science and applied statistics for managers","T03.S04.P02","Stable","0","5","0","5","5","0","8","","","0","0","",""
"FOLLOW (weak demand evidence) - competitors crowded","Marketing, Sales & Customer","Marketing strategy and brand","Pricing strategy and revenue management","T05.S01.P04","Stable","0","2","3","5","4","0","6","","","0","0","",""
"FOLLOW (weak demand evidence) - competitors crowded","Governance, Risk & Legal","Enterprise risk and compliance","Enterprise risk management","T08.S02.P01","Stable","0","2","1","3","3","0","7","Y","","0","0","",""
"FOLLOW (weak demand evidence) - competitors crowded","People, Talent & Organisation","Culture, DEI and organisational behaviour","Organisational behaviour and motivation","T07.S04.P04","Stable","0","2","0","2","1","0","7","Y","","0","0","",""
"FOLLOW (weak demand evidence) - competitors crowded","Sector-Specific Management","Regulated and asset-heavy sectors","Transport, aviation, shipping and railways","T13.S01.P05","Stable","0","2","0","2","2","0","12","","","0","0","",""
"REVIEW - ISB present, little demand or peer evidence","People, Talent & Organisation","People analytics and AI in HR","People analytics and HR data","T07.S03.P01","Transformed","1","3","0","4","3","1","4","","","0","0","",""
"REVIEW - ISB present, little demand or peer evidence","Leadership & Executive Capability","Leading people and teams","Leading high-performing teams","T01.S03.P01","Stable","1","1","1","3","3","1","3","","","0","0","",""
"REVIEW - ISB present, little demand or peer evidence","Marketing, Sales & Customer","Sales and go-to-market","Channel, distribution and route-to-market","T05.S04.P03","Stable","1","2","0","3","2","1","4","","","0","0","",""
"REVIEW - ISB present, little demand or peer evidence","Leadership & Executive Capability","Foundational leadership","Leading mid-level to senior transition","T01.S01.P03","Stable","2","0","0","2","1","2","2","","","0","0","",""
