"theme","isb","isb_share_pct","india_comp","india_comp_share_pct","global_comp","global_share_pct","platform_comp","platform_share_pct","demand_sources","iima","iimb","iimc","iimi","iimk","iiml","spjain","hbs","hec","imd","insead","kellogg","lbs","stanford","wharton","emeritus","imarticus","jaro","timespro"
"Leadership & Executive Capability","5","10.0","116","14.9","131","21.5","3","15.0","44","15","19","14","26","15","21","6","17","10","24","22","6","14","12","26","2","1","0","0"
"Strategy","7","14.0","70","9.0","65","10.7","2","10.0","8","9","12","12","8","8","17","4","5","5","9","14","5","9","3","15","0","0","2","0"
"AI, Data & Digital","8","16.0","103","13.2","63","10.3","5","25.0","30","15","17","18","9","17","22","5","7","2","11","11","2","10","3","17","4","0","1","0"
"Finance & Accounting","4","8.0","60","7.7","59","9.7","4","20.0","1","9","10","10","4","14","11","2","7","4","4","3","2","11","2","26","0","4","0","0"
"Marketing, Sales & Customer","7","14.0","86","11.0","58","9.5","3","15.0","2","5","12","15","11","18","21","4","8","5","2","11","9","8","3","12","2","0","1","0"
"Operations, Supply Chain & Quality","3","6.0","61","7.8","13","2.1","0","0.0","2","7","2","11","8","11","13","9","0","0","2","3","2","1","1","4","0","0","0","0"
"People, Talent & Organisation","3","6.0","71","9.1","32","5.3","0","0.0","12","10","5","9","11","12","21","3","7","1","6","3","0","2","6","7","0","0","0","0"
"Governance, Risk & Legal","2","4.0","18","2.3","32","5.3","0","0.0","2","5","5","2","0","2","3","1","5","3","8","9","1","0","2","4","0","0","0","0"
"Innovation & Entrepreneurship","0","0.0","40","5.1","55","9.0","0","0.0","2","8","8","7","4","5","8","0","12","3","8","5","6","3","5","13","0","0","0","0"
"Sustainability, ESG & Climate","0","0.0","15","1.9","21","3.4","0","0.0","3","0","5","4","1","1","4","0","0","2","9","3","0","2","2","3","0","0","0","0"
"Public Policy, Government & Infrastructure","1","2.0","15","1.9","1","0.2","0","0.0","0","2","1","1","4","4","3","0","0","0","0","0","0","1","0","0","0","0","0","0"
"Healthcare & Life Sciences","2","4.0","18","2.3","3","0.5","0","0.0","0","2","3","1","3","5","3","1","2","0","0","0","0","0","0","1","0","0","0","0"
"Sector-Specific Management","0","0.0","13","1.7","3","0.5","0","0.0","1","5","2","1","3","0","1","1","2","0","1","0","0","0","0","0","0","0","0","0"
"Personal Effectiveness & Communication","2","4.0","46","5.9","23","3.8","0","0.0","7","5","10","9","1","13","5","3","0","1","2","7","0","2","3","8","0","0","0","0"
"General Management (Integrative)","6","12.0","30","3.9","19","3.1","1","5.0","0","7","2","3","8","7","3","0","2","0","4","4","0","3","0","6","1","0","0","0"
