"theme","subtheme","topic","topic_id","ai_era_flag","isb","india_comp","global_comp","platform_comp","total_supply","schools_present","peers_present","peers_new","isb_incl_secondary","supply_incl_secondary","supply_is_residual_bucket","demand_is_manually_mapped","demand_score","demand_sources","demand_geographies","demand_source_list"
"Leadership & Executive Capability","Foundational leadership","Transition to leadership / first-time manager","T01.S01.P01","Stable","0","6","4","0","10","7","7","0","0","10","","","0","0","",""
"Leadership & Executive Capability","Foundational leadership","Leading in the first 90 days / role transition","T01.S01.P02","Stable","0","1","2","0","3","2","2","1","0","3","","","5","1","Global","LinkedIn/WEF - AI added 1.3m jobs"
"Leadership & Executive Capability","Foundational leadership","Leading mid-level to senior transition","T01.S01.P03","Stable","3","6","1","0","10","5","6","0","3","15","","","0","0","",""
"Leadership & Executive Capability","Foundational leadership","Authentic and purpose-driven leadership","T01.S01.P04","Stable","0","0","1","0","1","1","2","0","0","2","","","0","0","",""
"Leadership & Executive Capability","Foundational leadership","Leadership styles and situational leadership","T01.S01.P05","Stable","0","32","58","0","90","13","13","1","0","90","Y","","16","12","Europe;Global;India;US","Business Today - GCC senior returnees | CIO.com - CIO hiring 2026 | CarringtonCrisp FLEE (via AACSB) | Coqual & Catalyst - AI leadership gap | HBR - Developing judgment in the AI era | LinkedIn Skills on the Rise 2026 - India | LinkedIn Skills on the Rise 2026 - UK | Microsoft Work Trend Index 2026 "
"Leadership & Executive Capability","Senior and C-suite leadership","CEO / top management leadership","T01.S02.P01","Stable","0","10","16","0","26","10","10","1","0","33","","","0","0","",""
"Leadership & Executive Capability","Senior and C-suite leadership","Becoming a C-suite officer (role-specific ladders)","T01.S02.P02","Stable","0","23","24","3","50","17","17","0","4","143","Y","","5","1","Global","IBM IBV - Chief AI Officer"
"Leadership & Executive Capability","Senior and C-suite leadership","Leading the enterprise / enterprise-wide leadership","T01.S02.P03","Stable","0","7","1","0","8","5","8","0","0","17","","","0","0","",""
"Leadership & Executive Capability","Senior and C-suite leadership","Executive transitions and succession","T01.S02.P04","Stable","0","1","0","0","1","1","2","0","0","2","","","0","0","",""
"Leadership & Executive Capability","Senior and C-suite leadership","Leading a P&L / business unit","T01.S02.P05","Stable","0","0","0","0","0","0","0","0","0","0","","","0","0","",""
"Leadership & Executive Capability","Leading people and teams","Leading high-performing teams","T01.S03.P01","Stable","1","1","1","0","3","3","2","0","1","3","","","0","0","",""
"Leadership & Executive Capability","Leading people and teams","Leading hybrid, remote and distributed teams","T01.S03.P02","Transformed","0","0","0","0","0","0","0","0","0","0","","","0","0","",""
"Leadership & Executive Capability","Leading people and teams","Coaching and the leader as coach","T01.S03.P03","Stable","0","0","6","0","6","3","3","3","0","8","","","0","0","",""
"Leadership & Executive Capability","Leading people and teams","Feedback and difficult conversations","T01.S03.P04","Stable","0","0","0","0","0","0","0","0","0","0","","","0","0","",""
"Leadership & Executive Capability","Leading people and teams","Psychological safety and inclusive team culture","T01.S03.P05","Stable","0","0","1","0","1","1","1","0","0","1","","","0","0","",""
"Leadership & Executive Capability","Leading people and teams","Motivation, engagement and retention of talent","T01.S03.P06","Stable","0","1","0","0","1","1","1","0","0","1","","","0","0","",""
"Leadership & Executive Capability","Leading people and teams","Delegation and managing through others","T01.S03.P07","Stable","0","0","0","0","0","0","0","0","0","0","","","5","1","Global","DDI Global Leadership Forecast 2025"
"Leadership & Executive Capability","Leading human-AI organisations","Leading teams that include AI agents","T01.S04.P01","New","0","8","0","0","8","4","4","5","0","8","","","13","8","Global","BCG AI at Work 2025 | HBR - Companies need agent managers | HBR - Organizations aren't ready for agentic AI risks | HBR Analytic Services - agentic AI survey | McKinsey State of AI 2025 | McKinsey State of AI 2026 | Microsoft Work Trend Index 2025 | Udemy 2026 Global Learning & Skills Trends"
"Leadership & Executive Capability","Leading human-AI organisations","Redesigning managerial work around AI","T01.S04.P02","New","1","5","0","0","6","4","4","2","1","8","","","13","4","Europe;Global;US","Cedefop Skills Forecast 2035 | HBR - How AI is redefining managerial roles | Lightcast Global AI Skills Outlook | McKinsey State of AI 2025"
"Leadership & Executive Capability","Leading human-AI organisations","Building AI fluency and adoption in the workforce","T01.S04.P03","New","0","0","0","0","0","0","0","0","0","0","","","16","8","Europe;Global;India;US","BCG AI at Work 2025 | BCG AI at Work 2025 - India | EFMD Global CLO Roundtable 2025 | EU AI Act Article 4 | LinkedIn Economic Graph Labor Market Report | LinkedIn Skills on the Rise 2025 | WEF Future of Jobs 2025 - Germany economy profile | WEF Future of Jobs 2025 - UK economy profile"
"Leadership & Executive Capability","Leading human-AI organisations","Trust, accountability and human oversight of AI decisions","T01.S04.P04","New","0","0","1","0","1","1","1","1","0","1","","","5","1","Global","HBR - Why you shouldn't treat AI agents like employees"
"Leadership & Executive Capability","Leading human-AI organisations","Leading through AI-driven workforce disruption","T01.S04.P05","New","0","0","0","0","0","0","0","0","0","0","","","10","3","Global;US","Lightcast - Beyond the Buzz | LinkedIn Jobs on the Rise 2026 - US | WEF Four Futures for Jobs (AI and Talent in 2030)"
"Leadership & Executive Capability","Leading human-AI organisations","Supervising and quality-assuring AI output","T01.S04.P06","New","0","0","0","0","0","0","0","0","0","0","","","0","0","",""
"Leadership & Executive Capability","Leading human-AI organisations","Work redesign to convert AI time savings into output","T01.S04.P07","New","0","0","0","0","0","0","0","0","0","0","","","5","1","US","HBR - AI transformation requires redesigning work"
"Leadership & Executive Capability","Leading human-AI organisations","Human-agent ratio and span-of-control design","T01.S04.P08","New","0","0","0","0","0","0","0","0","0","0","","","0","0","",""
"Leadership & Executive Capability","Change, resilience and crisis","Leading change and transformation","T01.S05.P01","Stable","0","6","5","0","11","9","10","0","0","12","","","13","4","Global;India;US","CarringtonCrisp FLEE (via AACSB) | Gartner HR Priorities 2025 | LinkedIn Skills on the Rise 2026 (secondary summary) | WEF Future of Jobs 2025 - India economy profile"
"Leadership & Executive Capability","Change, resilience and crisis","Organisational resilience","T01.S05.P02","Stable","0","0","0","0","0","0","0","0","0","0","","","0","0","",""
"Leadership & Executive Capability","Change, resilience and crisis","Personal resilience, wellbeing and burnout","T01.S05.P03","Stable","0","5","1","0","6","4","4","0","0","6","","","10","3","Europe;Global","LinkedIn Skills on the Rise 2026 - UK | UNICON 2026 (SSE) | WEF Future of Jobs Report 2025"
"Leadership & Executive Capability","Change, resilience and crisis","Crisis leadership and business continuity","T01.S05.P04","Stable","0","0","4","0","4","3","3","0","0","4","","","0","0","",""
"Leadership & Executive Capability","Change, resilience and crisis","Leading in uncertainty, volatility and ambiguity","T01.S05.P05","Stable","0","3","3","0","6","4","4","1","0","6","Y","","7","2","Global","Deloitte Human Capital Trends 2026 | Gartner CHRO Priorities 2026"
"Leadership & Executive Capability","Change, resilience and crisis","Turnaround and restructuring leadership","T01.S05.P06","Stable","0","1","2","0","3","2","3","0","0","5","Y","","0","0","",""
"Strategy","Corporate and competitive strategy","Competitive strategy and advantage","T02.S01.P01","Stable","2","36","27","0","65","16","15","1","2","72","Y","","0","0","",""
"Strategy","Corporate and competitive strategy","Corporate strategy, portfolio and diversification","T02.S01.P02","Stable","1","4","3","1","9","7","6","0","1","11","","","0","0","",""
"Strategy","Corporate and competitive strategy","Strategic thinking for executives","T02.S01.P03","Stable","0","6","1","0","7","4","5","0","0","10","","","0","0","",""
"Strategy","Corporate and competitive strategy","Growth strategy and scaling","T02.S01.P04","Stable","1","1","2","0","4","4","3","1","1","4","","","8","2","Europe;India","LinkedIn Skills on the Rise 2026 - India | LinkedIn Skills on the Rise 2026 - UK"
"Strategy","Corporate and competitive strategy","Business model innovation and reinvention","T02.S01.P05","Transformed","0","4","2","1","7","7","8","0","0","9","","","7","2","Global","Deloitte Human Capital Trends 2025 | PwC 29th Global CEO Survey"
"Strategy","Corporate and competitive strategy","Platform and ecosystem strategy","T02.S01.P06","Transformed","0","2","4","0","6","5","5","0","0","6","","","0","0","",""
"Strategy","Strategy execution","Strategy execution and implementation","T02.S02.P01","Stable","1","1","5","0","7","5","4","0","1","7","","","0","0","",""
"Strategy","Strategy execution","OKRs, balanced scorecard and performance management systems","T02.S02.P02","Stable","0","0","0","0","0","0","0","0","0","0","","","0","0","",""
"Strategy","Strategy execution","Strategic planning and budgeting cycles","T02.S02.P03","Stable","0","0","0","0","0","0","0","0","0","0","","","5","1","Global","LinkedIn Workplace Learning Report 2025"
"Strategy","Strategy execution","Organisation design and operating models","T02.S02.P04","Stable","0","0","0","0","0","0","0","0","0","0","","","0","0","",""
"Strategy","Strategy execution","Strategic project and programme governance","T02.S02.P05","Stable","0","0","0","0","0","0","0","0","0","0","","","0","0","",""
"Strategy","AI-era strategy","AI strategy for the enterprise","T02.S03.P01","New","2","7","5","0","14","10","9","2","2","15","","","8","2","Global;India","PwC 29th CEO Survey - India | WEF Future of Jobs Report 2025"
"Strategy","AI-era strategy","Competing when AI collapses cost curves","T02.S03.P02","New","0","0","0","0","0","0","2","0","0","2","","","0","0","",""
"Strategy","AI-era strategy","Build-vs-buy and AI vendor/partner strategy","T02.S03.P03","New","0","0","0","0","0","0","0","0","0","0","","","0","0","",""
"Strategy","AI-era strategy","Data strategy as competitive strategy","T02.S03.P04","Transformed","0","0","0","0","0","0","0","0","0","0","","","0","0","",""
"Strategy","AI-era strategy","AI-native business models","T02.S03.P05","New","0","0","0","0","0","0","0","0","0","0","","","0","0","",""
"Strategy","Geopolitics and macro strategy","Geopolitics for business leaders and boards","T02.S04.P01","New","0","2","3","0","5","4","4","0","0","6","","","5","1","India","WEF Future of Jobs 2025 - India economy profile"
"Strategy","Geopolitics and macro strategy","Trade, tariffs and supply-chain geopolitics","T02.S04.P02","Transformed","0","0","0","0","0","0","0","0","0","0","","","0","0","",""
"Strategy","Geopolitics and macro strategy","Macroeconomics for executives","T02.S04.P03","Stable","0","1","0","0","1","1","2","0","0","3","","","0","0","",""
"Strategy","Geopolitics and macro strategy","Country and emerging-market strategy","T02.S04.P04","Stable","0","0","1","0","1","1","1","0","0","1","","","0","0","",""
"Strategy","Geopolitics and macro strategy","Regulatory and political risk","T02.S04.P05","Transformed","0","0","0","0","0","0","1","0","0","1","","","0","0","",""
"Strategy","M&A and corporate development","M&A strategy and deal rationale","T02.S05.P01","Stable","0","4","8","0","12","10","10","1","0","15","","","0","0","",""
"Strategy","M&A and corporate development","Valuation and deal structuring","T02.S05.P02","Stable","0","1","2","0","3","3","4","0","0","4","","","0","0","",""
"Strategy","M&A and corporate development","Post-merger integration","T02.S05.P03","Stable","0","1","0","0","1","1","1","0","0","1","","","0","0","",""
"Strategy","M&A and corporate development","Divestitures, carve-outs and restructuring","T02.S05.P04","Stable","0","0","0","0","0","0","0","0","0","0","","","0","0","",""
"Strategy","M&A and corporate development","Alliances, joint ventures and partnerships","T02.S05.P05","Stable","0","0","2","0","2","2","3","0","0","4","","","0","0","",""
"AI, Data & Digital","AI foundations for leaders","AI and machine learning fundamentals for executives","T03.S01.P01","Transformed","1","10","4","0","15","9","8","3","1","17","","","7","2","India","Naukri JobSpeak Jul 2026 | Naukri JobSpeak Mar 2026"
"AI, Data & Digital","AI foundations for leaders","Generative AI foundations and prompting","T03.S01.P02","New","0","4","4","1","9","7","9","1","0","16","","","15","14","Global;India;US","Coursera 2025 Year in Review | Coursera Global Skills Report 2025 | Coursera Global Skills Report 2025 - India | Coursera Job Skills Report 2025 | Google Year in Search 2025 (via SEJ) | India Skills Report 2026 | Lightcast - Beyond the Buzz | Lightcast - GenAI job market 2025 | Lightcast - Skills ch"
"AI, Data & Digital","AI foundations for leaders","Agentic AI and autonomous workflows","T03.S01.P03","New","0","0","0","0","0","0","3","0","0","4","","","0","0","",""
"AI, Data & Digital","AI foundations for leaders","Data and AI literacy for non-technical leaders","T03.S01.P04","Transformed","0","1","1","0","2","2","2","0","0","2","","","5","1","Global","WEF Future of Jobs Report 2025"
"AI, Data & Digital","AI foundations for leaders","Evaluating AI use cases and ROI","T03.S01.P05","New","0","0","0","0","0","0","0","0","0","0","","","7","2","Global","Deloitte Human Capital Trends 2025 | PwC 29th Global CEO Survey"
"AI, Data & Digital","AI governance, risk and regulation","AI governance frameworks and operating models","T03.S02.P01","New","0","0","0","0","0","0","5","0","1","10","","","11","3","Global;India;US","IAPP AI Governance Profession Report 2025 | KPMG Board Leadership - 2026 board agenda | Quess Corp - GenAI skills gap"
"AI, Data & Digital","AI governance, risk and regulation","AI risk, safety and model assurance","T03.S02.P02","New","0","0","0","0","0","0","0","0","0","0","","","0","0","",""
"AI, Data & Digital","AI governance, risk and regulation","AI regulation and compliance (EU AI Act, DPDP, sectoral)","T03.S02.P03","New","0","0","0","0","0","0","0","0","0","0","","","0","0","",""
"AI, Data & Digital","AI governance, risk and regulation","AI ethics, bias and fairness","T03.S02.P04","New","0","0","0","0","0","0","1","0","0","1","","","5","1","Global","Udemy 2026 Global Learning & Skills Trends"
"AI, Data & Digital","AI governance, risk and regulation","Board oversight of AI","T03.S02.P05","New","0","0","1","0","1","1","1","0","0","2","","","8","2","Global;US","EY Center for Board Matters (Harvard CorpGov) | Gartner Top Predictions 2025"
"AI, Data & Digital","AI governance, risk and regulation","Board and ExCo AI literacy as regulatory evidence","T03.S02.P06","New","0","0","0","0","0","0","0","0","0","0","","","0","0","",""
"AI, Data & Digital","AI governance, risk and regulation","Model observability and assurance for leaders","T03.S02.P07","New","0","0","0","0","0","0","0","0","0","0","","","0","0","",""
"AI, Data & Digital","Digital transformation","Enterprise digital transformation strategy and roadmaps","T03.S03.P01","Transformed","5","30","42","1","78","17","16","4","5","100","Y","","0","0","",""
"AI, Data & Digital","Digital transformation","Legacy modernisation, cloud and platform migration","T03.S03.P02","Stable","0","1","0","0","1","1","1","0","0","1","","","0","0","",""
"AI, Data & Digital","Digital transformation","Digital operating model, agile at scale and product operating model","T03.S03.P03","Transformed","0","0","0","0","0","0","0","0","0","0","","","0","0","",""
"AI, Data & Digital","Digital transformation","Digital customer experience and omnichannel","T03.S03.P04","Transformed","0","0","1","0","1","1","14","0","0","38","","","0","0","",""
"AI, Data & Digital","Digital transformation","Automation, RPA and process digitisation","T03.S03.P05","Transformed","0","0","0","0","0","0","0","0","0","0","","","0","0","",""
"AI, Data & Digital","Data, analytics and decisions","Business analytics for decision-making","T03.S04.P01","Stable","1","37","7","1","46","12","12","0","1","53","Y","","16","5","Europe;Global;India;US","LinkedIn Skills on the Rise 2026 - India | WEF Future of Jobs 2025 - France economy profile | WEF Future of Jobs 2025 - India economy profile | WEF Future of Jobs 2025 - US economy profile | WEF Future of Jobs Report 2025"
"AI, Data & Digital","Data, analytics and decisions","Data science and applied statistics for managers","T03.S04.P02","Stable","0","7","0","1","8","6","7","0","0","12","","","0","0","",""
"AI, Data & Digital","Data, analytics and decisions","Data visualisation and storytelling with data","T03.S04.P03","Stable","0","1","0","0","1","1","2","0","0","2","","","0","0","",""
"AI, Data & Digital","Data, analytics and decisions","Data governance, quality and architecture","T03.S04.P04","Transformed","0","1","0","0","1","1","1","0","0","1","","","0","0","",""
"AI, Data & Digital","Data, analytics and decisions","Experimentation, causal inference and A/B testing","T03.S04.P05","Stable","0","0","0","0","0","0","0","0","0","0","","","0","0","",""
"AI, Data & Digital","Data, analytics and decisions","AI-augmented decision-making and judgment","T03.S04.P06","New","0","5","0","0","5","4","5","0","0","6","","","11","3","Global;India;US","Deloitte Human Capital Trends 2026 | HBR - Leading the human-AI organization | Quess Corp - GenAI skills gap"
"AI, Data & Digital","Cybersecurity and technology risk","Cybersecurity strategy for leaders and boards","T03.S05.P01","Transformed","1","4","2","1","8","7","6","0","1","8","","","11","3","Global;India;US","Lightcast - Skills change US | Quess Corp BFSI GCC Talent Report 2025 | WEF Future of Jobs Report 2025"
"AI, Data & Digital","Cybersecurity and technology risk","Data privacy and protection","T03.S05.P02","Transformed","0","0","0","0","0","0","0","0","0","0","","","0","0","",""
"AI, Data & Digital","Cybersecurity and technology risk","Technology and operational resilience risk","T03.S05.P03","Transformed","0","0","0","0","0","0","0","0","0","0","","","0","0","",""
"AI, Data & Digital","Emerging technology","Blockchain, tokenisation and Web3","T03.S06.P01","Stable","0","1","1","0","2","2","2","0","0","2","","","0","0","",""
"AI, Data & Digital","Emerging technology","IoT, digital twins and Industry 4.0","T03.S06.P02","Stable","0","1","0","0","1","1","1","0","0","1","","","0","0","",""
"AI, Data & Digital","Emerging technology","Quantum, robotics and frontier technology","T03.S06.P03","Stable","0","0","0","0","0","0","0","0","0","0","","","0","0","",""
"AI, Data & Digital","Emerging technology","Immersive technology, AR/VR and spatial computing","T03.S06.P04","Stable","0","0","0","0","0","0","0","0","0","0","","","0","0","",""
"Finance & Accounting","Finance for executives","Finance for non-finance managers","T04.S01.P01","Stable","0","14","14","0","28","13","13","1","0","28","Y","","0","0","",""
"Finance & Accounting","Finance for executives","Financial statement analysis and accounting for decisions","T04.S01.P02","Stable","0","12","3","0","15","8","8","0","0","26","","","0","0","",""
"Finance & Accounting","Finance for executives","Corporate finance and capital allocation","T04.S01.P03","Stable","1","6","9","0","16","10","9","0","1","16","","","0","0","",""
"Finance & Accounting","Finance for executives","Valuation","T04.S01.P04","Stable","0","0","0","0","0","0","2","0","0","2","","","0","0","",""
"Finance & Accounting","Finance for executives","Cost, pricing and profitability management","T04.S01.P05","Stable","0","2","0","0","2","2","2","0","0","2","","","0","0","",""
"Finance & Accounting","Finance for executives","Budgeting, forecasting and FP&A","T04.S01.P06","Stable","0","0","1","0","1","1","2","0","0","2","","","5","1","US","LinkedIn Skills on the Rise 2025"
"Finance & Accounting","Investment and capital markets","Investment management and portfolio theory","T04.S02.P01","Stable","0","3","18","0","21","7","7","3","0","33","","","0","0","",""
"Finance & Accounting","Investment and capital markets","Private equity and venture capital","T04.S02.P02","Stable","1","3","7","1","12","8","8","0","1","14","","","0","0","",""
"Finance & Accounting","Investment and capital markets","Capital markets, debt and equity raising","T04.S02.P03","Stable","0","3","0","2","5","4","5","0","0","7","","","0","0","",""
"Finance & Accounting","Investment and capital markets","Real estate finance and investment","T04.S02.P04","Stable","0","1","3","0","4","3","3","1","0","4","","","0","0","",""
"Finance & Accounting","Investment and capital markets","Alternative investments and hedge funds","T04.S02.P05","Stable","0","1","0","0","1","1","1","0","0","1","","","0","0","",""
"Finance & Accounting","Risk, treasury and financial regulation","Financial risk management","T04.S03.P01","Stable","0","2","0","0","2","2","2","0","0","2","","","0","0","",""
"Finance & Accounting","Risk, treasury and financial regulation","Treasury, liquidity and working capital","T04.S03.P02","Stable","0","0","0","0","0","0","0","0","0","0","","","0","0","",""
"Finance & Accounting","Risk, treasury and financial regulation","Banking strategy and regulation","T04.S03.P03","Stable","0","8","1","1","10","8","9","0","0","14","","","0","0","",""
"Finance & Accounting","Risk, treasury and financial regulation","Insurance and actuarial management","T04.S03.P04","Stable","0","3","0","0","3","1","1","0","0","3","","","0","0","",""
"Finance & Accounting","Risk, treasury and financial regulation","Forensic accounting, fraud and financial crime","T04.S03.P05","Stable","0","0","0","0","0","0","0","0","0","0","","","0","0","",""
"Finance & Accounting","Fintech and AI in finance","Fintech, digital payments and embedded finance","T04.S04.P01","Transformed","2","2","2","0","6","4","6","0","2","13","","","0","0","",""
"Finance & Accounting","Fintech and AI in finance","AI in finance: credit, trading and risk models","T04.S04.P02","New","0","0","1","0","1","1","2","0","0","3","","","0","0","",""
"Finance & Accounting","Fintech and AI in finance","AI for the CFO and finance function","T04.S04.P03","New","0","0","0","0","0","0","0","0","0","0","","","0","0","",""
"Finance & Accounting","Fintech and AI in finance","Digital assets, CBDCs and crypto regulation","T04.S04.P04","Stable","0","0","0","0","0","0","0","0","0","0","","","0","0","",""
"Marketing, Sales & Customer","Marketing strategy and brand","Marketing strategy for executives","T05.S01.P01","Stable","1","18","16","0","35","14","14","0","1","37","Y","","0","0","",""
"Marketing, Sales & Customer","Marketing strategy and brand","Brand management and positioning","T05.S01.P02","Stable","0","9","4","0","13","9","9","0","0","13","","","0","0","",""
"Marketing, Sales & Customer","Marketing strategy and brand","Customer insight, segmentation and market research","T05.S01.P03","Stable","0","1","0","0","1","1","3","0","0","3","","","0","0","",""
"Marketing, Sales & Customer","Marketing strategy and brand","Pricing strategy and revenue management","T05.S01.P04","Stable","0","3","3","0","6","5","6","0","0","7","","","0","0","",""
"Marketing, Sales & Customer","Marketing strategy and brand","Product management and product marketing","T05.S01.P05","Stable","2","11","8","2","23","12","11","0","2","24","Y","","0","0","",""
"Marketing, Sales & Customer","Marketing strategy and brand","B2B and industrial marketing","T05.S01.P06","Stable","0","4","2","0","6","5","5","0","0","6","","","0","0","",""
"Marketing, Sales & Customer","Digital growth and performance marketing","Digital marketing and performance media","T05.S02.P01","Transformed","2","7","6","0","15","8","10","0","2","19","","","0","0","",""
"Marketing, Sales & Customer","Digital growth and performance marketing","Social, content and influencer marketing","T05.S02.P02","Transformed","0","5","0","0","5","3","5","1","0","9","","","0","0","",""
"Marketing, Sales & Customer","Digital growth and performance marketing","Marketing analytics, attribution and MMM","T05.S02.P03","Transformed","0","1","2","0","3","2","3","0","0","6","","","0","0","",""
"Marketing, Sales & Customer","Digital growth and performance marketing","E-commerce, D2C and marketplace strategy","T05.S02.P04","Transformed","0","0","0","0","0","0","0","0","0","0","","","0","0","",""
"Marketing, Sales & Customer","Digital growth and performance marketing","Customer lifecycle, retention and CRM","T05.S02.P05","Stable","0","0","0","0","0","0","1","0","0","1","","","0","0","",""
"Marketing, Sales & Customer","AI in marketing","Generative AI for marketing and creative","T05.S03.P01","New","0","6","1","0","7","4","7","2","0","13","","","0","0","",""
"Marketing, Sales & Customer","AI in marketing","AI-driven personalisation at scale","T05.S03.P02","New","0","0","0","0","0","0","0","0","0","0","","","0","0","",""
"Marketing, Sales & Customer","AI in marketing","AI and the future of search / discovery","T05.S03.P03","New","0","0","0","0","0","0","0","0","0","0","","","0","0","",""
"Marketing, Sales & Customer","Sales and go-to-market","Sales leadership and sales force management","T05.S04.P01","Stable","0","12","3","1","16","10","11","3","0","17","Y","","0","0","",""
"Marketing, Sales & Customer","Sales and go-to-market","Key account management and enterprise selling","T05.S04.P02","Stable","0","0","0","0","0","0","0","0","0","0","","","0","0","",""
"Marketing, Sales & Customer","Sales and go-to-market","Channel, distribution and route-to-market","T05.S04.P03","Stable","1","3","0","0","4","2","1","0","1","5","","","0","0","",""
"Marketing, Sales & Customer","Sales and go-to-market","Sales operations, enablement and AI in sales","T05.S04.P04","Transformed","0","0","0","0","0","0","1","0","0","1","","","8","2","Global;US","LinkedIn Skills on the Rise 2025 | LinkedIn Skills on the Rise 2026 (global)"
"Marketing, Sales & Customer","Sales and go-to-market","Negotiation for commercial outcomes","T05.S04.P05","Stable","1","6","13","0","20","12","11","0","1","22","","","0","0","",""
"Operations, Supply Chain & Quality","Operations management","Operational excellence and process improvement","T06.S01.P01","Stable","1","15","4","0","20","8","7","0","1","25","Y","","3","1","US","LinkedIn Skills on the Rise 2025"
"Operations, Supply Chain & Quality","Operations management","Lean, Six Sigma and quality management","T06.S01.P02","Stable","0","3","2","0","5","5","5","0","0","5","","","0","0","",""
"Operations, Supply Chain & Quality","Operations management","Service operations management","T06.S01.P03","Stable","0","3","0","0","3","2","3","0","0","4","","","0","0","",""
"Operations, Supply Chain & Quality","Operations management","Manufacturing strategy and Industry 4.0 operations","T06.S01.P04","Transformed","0","3","0","0","3","3","5","0","0","5","","","5","1","India","Naukri JobSpeak Jun 2026"
"Operations, Supply Chain & Quality","Operations management","Project management","T06.S01.P05","Stable","2","12","0","0","14","7","6","0","2","14","","","0","0","",""
"Operations, Supply Chain & Quality","Supply chain and logistics","Supply chain strategy and design","T06.S02.P01","Stable","0","20","7","0","27","12","12","0","0","36","","","0","0","",""
"Operations, Supply Chain & Quality","Supply chain and logistics","Procurement, sourcing and supplier management","T06.S02.P02","Stable","0","2","0","0","2","2","3","0","0","3","","","0","0","",""
"Operations, Supply Chain & Quality","Supply chain and logistics","Logistics, warehousing and distribution networks","T06.S02.P03","Stable","0","3","0","0","3","2","2","0","0","4","","","0","0","",""
"Operations, Supply Chain & Quality","Supply chain and logistics","Demand planning, inventory and S&OP","T06.S02.P04","Stable","0","0","0","0","0","0","0","0","0","0","","","0","0","",""
"Operations, Supply Chain & Quality","Supply chain and logistics","Supply chain resilience and risk","T06.S02.P05","Transformed","0","0","0","0","0","0","0","0","0","0","","","0","0","",""
"Operations, Supply Chain & Quality","Supply chain and logistics","AI and digital in supply chain","T06.S02.P06","New","0","0","0","0","0","0","3","0","0","4","","","0","0","",""
"People, Talent & Organisation","HR strategy and the CHRO agenda","Strategic HR and business partnering","T07.S01.P01","Stable","0","25","2","0","27","8","8","1","0","35","Y","","0","0","",""
"People, Talent & Organisation","HR strategy and the CHRO agenda","CHRO and HR leadership","T07.S01.P02","Stable","1","15","1","0","17","6","6","3","1","45","","","5","1","Global","Gartner CHRO Priorities 2026"
"People, Talent & Organisation","HR strategy and the CHRO agenda","Employee relations, labour law and industrial relations","T07.S01.P03","Stable","0","1","0","0","1","1","1","0","0","1","","","0","0","",""
"People, Talent & Organisation","HR strategy and the CHRO agenda","Compensation, benefits and rewards","T07.S01.P04","Stable","0","1","4","0","5","3","3","0","0","5","","","0","0","",""
"People, Talent & Organisation","HR strategy and the CHRO agenda","HR operating model and shared services","T07.S01.P05","Stable","0","0","0","0","0","0","0","0","0","0","","","0","0","",""
"People, Talent & Organisation","Talent, learning and workforce","Talent acquisition and employer brand","T07.S02.P01","Stable","0","0","0","0","0","0","2","0","0","3","","","15","7","Europe;Global;India","LinkedIn Economic Graph Labor Market Report | LinkedIn Global Green Skills Report 2025 | Naukri JobSpeak Feb 2026 | Naukri JobSpeak Jun 2026 | Naukri JobSpeak May 2026 | WEF - future of jobs in India (story) | WEF Future of Jobs 2025 - India economy profile"
"People, Talent & Organisation","Talent, learning and workforce","Performance management and appraisal systems","T07.S02.P02","Stable","0","0","0","0","0","0","0","0","0","0","","","0","0","",""
"People, Talent & Organisation","Talent, learning and workforce","Learning, development and capability building","T07.S02.P03","Stable","0","1","0","0","1","1","2","0","0","2","","","10","3","Europe;Global","LinkedIn Workplace Learning Report 2025 | WEF Future of Jobs 2025 - Germany economy profile | WEF Future of Jobs Report 2025"
"People, Talent & Organisation","Talent, learning and workforce","Workforce planning and skills-based organisation","T07.S02.P04","Transformed","0","0","0","0","0","0","0","0","0","0","","","8","2","Global;India","WEF Future of Jobs 2025 - India economy profile | WEF Future of Jobs Report 2025"
"People, Talent & Organisation","Talent, learning and workforce","Leadership development and succession architecture","T07.S02.P05","Stable","0","4","6","0","10","7","8","0","0","13","","","5","1","Global","WEF Future of Jobs Report 2025"
"People, Talent & Organisation","People analytics and AI in HR","People analytics and HR data","T07.S03.P01","Transformed","1","4","0","0","5","4","4","0","1","6","","","0","0","",""
"People, Talent & Organisation","People analytics and AI in HR","AI in HR: hiring, development and productivity","T07.S03.P02","New","0","1","1","0","2","2","3","0","0","3","","","7","2","India","Naukri JobSpeak May 2026 | Stanford AI Index 2024 (LinkedIn data) via IndiaAI"
"People, Talent & Organisation","People analytics and AI in HR","Employee experience and productivity measurement","T07.S03.P03","Transformed","0","0","0","0","0","0","0","0","0","0","","","0","0","",""
"People, Talent & Organisation","Culture, DEI and organisational behaviour","Organisational culture and culture change","T07.S04.P01","Stable","0","1","2","0","3","3","3","0","0","3","Y","","0","0","",""
"People, Talent & Organisation","Culture, DEI and organisational behaviour","Diversity, equity and inclusion","T07.S04.P02","Stable","0","3","2","0","5","4","4","0","0","5","","","0","0","",""
"People, Talent & Organisation","Culture, DEI and organisational behaviour","Women's leadership and gender in the workplace","T07.S04.P03","Stable","1","13","14","0","28","15","14","1","1","28","","","0","0","",""
"People, Talent & Organisation","Culture, DEI and organisational behaviour","Organisational behaviour and motivation","T07.S04.P04","Stable","0","2","0","0","2","1","2","0","0","7","Y","","0","0","",""
"People, Talent & Organisation","Culture, DEI and organisational behaviour","Power, politics and influence in organisations","T07.S04.P05","Stable","0","0","0","0","0","0","0","0","0","0","","","0","0","",""
"Governance, Risk & Legal","Board governance","Board effectiveness and director duties","T08.S01.P01","Stable","2","5","27","0","34","11","11","0","2","44","Y","","0","0","",""
"Governance, Risk & Legal","Board governance","Board committees: audit, remuneration, risk, nomination","T08.S01.P02","Stable","0","0","2","0","2","1","1","0","0","2","","","0","0","",""
"Governance, Risk & Legal","Board governance","Chair, CEO-board relationship and board dynamics","T08.S01.P03","Stable","0","0","0","0","0","0","0","0","0","0","","","0","0","",""
"Governance, Risk & Legal","Board governance","Board oversight of strategy, technology and AI","T08.S01.P04","New","0","0","0","0","0","0","0","0","0","0","","","0","0","",""
"Governance, Risk & Legal","Board governance","Governance in family, state-owned and private companies","T08.S01.P05","Stable","0","0","0","0","0","0","0","0","0","0","","","0","0","",""
"Governance, Risk & Legal","Enterprise risk and compliance","Enterprise risk management","T08.S02.P01","Stable","0","4","1","0","5","4","7","0","0","9","Y","","0","0","",""
"Governance, Risk & Legal","Enterprise risk and compliance","Internal audit, controls and assurance","T08.S02.P02","Stable","0","0","0","0","0","0","0","0","0","0","","","0","0","",""
"Governance, Risk & Legal","Enterprise risk and compliance","Compliance, ethics and integrity programmes","T08.S02.P03","Stable","0","2","1","0","3","2","2","0","0","3","","","8","2","Global;US","LinkedIn Skills on the Rise 2025 | LinkedIn Skills on the Rise 2026 (global)"
"Governance, Risk & Legal","Enterprise risk and compliance","Reputation and stakeholder risk","T08.S02.P04","Stable","0","0","1","0","1","1","1","0","0","1","","","0","0","",""
"Governance, Risk & Legal","Business law and regulation","Commercial contracts and contract management","T08.S03.P01","Stable","0","3","0","0","3","3","3","0","0","4","","","0","0","",""
"Governance, Risk & Legal","Business law and regulation","India regulatory stack for boards: DPDP, BRSR and RBI AI","T08.S03.P02","New","0","0","0","0","0","0","0","0","0","0","","","0","0","",""
"Governance, Risk & Legal","Business law and regulation","Competition, antitrust and sector regulation","T08.S03.P03","Stable","0","1","0","0","1","1","1","0","0","1","","","0","0","",""
"Governance, Risk & Legal","Business law and regulation","Insolvency, bankruptcy and dispute resolution","T08.S03.P04","Stable","0","1","0","0","1","1","2","0","0","3","","","0","0","",""
"Governance, Risk & Legal","Business law and regulation","Intellectual property and technology law","T08.S03.P05","Transformed","0","2","0","0","2","2","2","0","0","2","","","0","0","",""
"Innovation & Entrepreneurship","Innovation management","Innovation strategy and portfolio","T09.S01.P01","Stable","0","5","20","0","25","10","10","5","0","25","Y","","5","1","India","PwC 29th CEO Survey - India"
"Innovation & Entrepreneurship","Innovation management","Design thinking and human-centred design","T09.S01.P02","Stable","0","8","3","0","11","8","9","1","0","15","","","0","0","",""
"Innovation & Entrepreneurship","Innovation management","R&D management and technology commercialisation","T09.S01.P03","Stable","0","0","1","0","1","1","1","0","0","1","","","0","0","",""
"Innovation & Entrepreneurship","Innovation management","Corporate venturing and open innovation","T09.S01.P04","Stable","0","0","2","0","2","2","3","0","0","5","","","0","0","",""
"Innovation & Entrepreneurship","Innovation management","Intrapreneurship and new business building","T09.S01.P05","Stable","0","0","0","0","0","0","1","0","0","1","","","0","0","",""
"Innovation & Entrepreneurship","Entrepreneurship","Starting and scaling a venture","T09.S02.P01","Stable","0","17","16","0","33","13","13","4","0","45","Y","","5","1","US","LinkedIn Jobs on the Rise 2026 - US"
"Innovation & Entrepreneurship","Entrepreneurship","Fundraising and investor readiness","T09.S02.P02","Stable","0","1","0","0","1","1","1","0","0","1","","","0","0","",""
"Innovation & Entrepreneurship","Entrepreneurship","Family business succession and next-generation owners","T09.S02.P03","Stable","0","5","10","0","15","7","10","1","0","24","","","0","0","",""
"Innovation & Entrepreneurship","Entrepreneurship","Social entrepreneurship and impact ventures","T09.S02.P04","Stable","0","0","3","0","3","1","1","0","0","3","","","0","0","",""
"Innovation & Entrepreneurship","Entrepreneurship","Franchising, SME growth and business ownership","T09.S02.P05","Stable","0","4","0","0","4","3","4","0","0","6","","","0","0","",""
"Sustainability, ESG & Climate","Sustainability strategy","Sustainability and ESG strategy for the enterprise","T10.S01.P01","Transformed","0","10","19","0","29","11","11","1","0","33","Y","","10","3","Europe;Global","EY European FS Board Sustainability | LinkedIn Global Green Skills Report 2025 | WEF Future of Jobs Report 2025"
"Sustainability, ESG & Climate","Sustainability strategy","Net-zero transition and decarbonisation","T10.S01.P02","New","0","2","1","0","3","3","4","0","0","5","","","0","0","",""
"Sustainability, ESG & Climate","Sustainability strategy","Circular economy and sustainable operations","T10.S01.P03","Stable","0","0","1","0","1","1","1","0","0","1","","","0","0","",""
"Sustainability, ESG & Climate","Sustainability strategy","Sustainable finance, green bonds and climate risk in finance","T10.S01.P04","Transformed","0","3","0","0","3","2","3","0","0","4","","","0","0","",""
"Sustainability, ESG & Climate","ESG disclosure and governance","ESG reporting, assurance and CSRD/BRSR compliance","T10.S02.P01","New","0","0","0","0","0","0","0","0","0","0","","","0","0","",""
"Sustainability, ESG & Climate","ESG disclosure and governance","Climate risk governance and board oversight of ESG","T10.S02.P02","New","0","0","0","0","0","0","0","0","0","0","","","0","0","",""
"Sustainability, ESG & Climate","ESG disclosure and governance","Social impact, CSR and community investment","T10.S02.P03","Stable","0","0","0","0","0","0","2","0","0","2","","","0","0","",""
"Sustainability, ESG & Climate","ESG disclosure and governance","Energy transition and renewables business","T10.S02.P04","Transformed","0","0","0","0","0","0","0","0","0","0","","","0","0","",""
"Public Policy, Government & Infrastructure","Public policy and governance","Public policy design and analysis","T11.S01.P01","Stable","1","8","0","0","9","6","5","0","1","9","Y","","0","0","",""
"Public Policy, Government & Infrastructure","Public policy and governance","Regulatory economics and market design","T11.S01.P02","Stable","0","0","0","0","0","0","0","0","0","0","","","0","0","",""
"Public Policy, Government & Infrastructure","Public policy and governance","Governance for civil servants and elected representatives","T11.S01.P03","Stable","0","1","0","0","1","1","1","0","0","1","","","0","0","",""
"Public Policy, Government & Infrastructure","Public policy and governance","Digital public infrastructure and e-governance","T11.S01.P04","New","0","0","0","0","0","0","0","0","0","0","","","0","0","",""
"Public Policy, Government & Infrastructure","Public policy and governance","Public-private partnerships and infrastructure finance","T11.S01.P05","Stable","0","2","1","0","3","3","4","0","0","4","","","0","0","",""
"Public Policy, Government & Infrastructure","Sector and development policy","Urban management and smart cities","T11.S02.P01","Stable","0","0","0","0","0","0","2","0","0","2","","","0","0","",""
"Public Policy, Government & Infrastructure","Sector and development policy","Agriculture, rural and food systems policy","T11.S02.P02","Stable","0","1","0","0","1","1","2","0","0","2","","","0","0","",""
"Public Policy, Government & Infrastructure","Sector and development policy","Education policy and institutional leadership","T11.S02.P03","Stable","0","0","0","0","0","0","0","0","0","0","","","0","0","",""
"Public Policy, Government & Infrastructure","Sector and development policy","Defence, security and strategic affairs","T11.S02.P04","Stable","0","3","0","0","3","2","2","0","0","4","","","0","0","",""
"Healthcare & Life Sciences","Healthcare management","Hospital and healthcare operations management","T12.S01.P01","Stable","1","5","3","0","9","7","6","0","1","9","Y","","0","0","",""
"Healthcare & Life Sciences","Healthcare management","Healthcare strategy, payers and providers","T12.S01.P02","Stable","1","11","0","0","12","7","6","0","1","12","","","0","0","",""
"Healthcare & Life Sciences","Healthcare management","Public health policy and programme management","T12.S01.P03","Stable","0","1","0","0","1","1","1","0","0","1","","","0","0","",""
"Healthcare & Life Sciences","Healthcare management","Digital health, health analytics and AI in medicine","T12.S01.P04","New","0","0","0","0","0","0","0","0","0","0","","","0","0","",""
"Healthcare & Life Sciences","Life sciences and pharma","Pharmaceutical and biotech management","T12.S02.P01","Stable","0","1","0","0","1","1","1","0","0","1","","","0","0","",""
"Healthcare & Life Sciences","Life sciences and pharma","Medical device and diagnostics business","T12.S02.P02","Stable","0","0","0","0","0","0","0","0","0","0","","","0","0","",""
"Healthcare & Life Sciences","Life sciences and pharma","Clinical leadership for doctors and care teams","T12.S02.P03","Stable","0","0","0","0","0","0","0","0","0","0","","","0","0","",""
"Sector-Specific Management","Regulated and asset-heavy sectors","Banking, financial services and insurance sector management","T13.S01.P01","Stable","0","1","0","0","1","1","2","0","0","5","","","0","0","",""
"Sector-Specific Management","Regulated and asset-heavy sectors","Energy, utilities, oil and gas management","T13.S01.P02","Stable","0","0","0","0","0","0","0","0","0","0","","","0","0","",""
"Sector-Specific Management","Regulated and asset-heavy sectors","Infrastructure, construction and real estate development","T13.S01.P03","Stable","0","1","0","0","1","1","1","0","0","1","","","0","0","",""
"Sector-Specific Management","Regulated and asset-heavy sectors","Telecom, media and entertainment management","T13.S01.P04","Stable","0","1","1","0","2","2","2","0","0","2","","","0","0","",""
"Sector-Specific Management","Regulated and asset-heavy sectors","Transport, aviation, shipping and railways","T13.S01.P05","Stable","0","6","0","0","6","3","7","0","0","16","","","0","0","",""
"Sector-Specific Management","Services and consumer sectors","Retail and consumer goods management","T13.S02.P01","Stable","0","1","0","0","1","1","1","0","0","1","","","0","0","",""
"Sector-Specific Management","Services and consumer sectors","Hospitality, travel and tourism management","T13.S02.P02","Stable","0","0","0","0","0","0","0","0","0","0","","","0","0","",""
"Sector-Specific Management","Services and consumer sectors","IT services, GCC and global capability centre leadership","T13.S02.P03","New","0","0","0","0","0","0","1","0","0","1","","","5","1","India","The Scalers - GCC Week India 2025"
"Sector-Specific Management","Services and consumer sectors","Influencing global headquarters from a captive centre","T13.S02.P04","New","0","0","0","0","0","0","0","0","0","0","","","0","0","",""
"Sector-Specific Management","Services and consumer sectors","Professional services and consulting management","T13.S02.P05","Stable","0","2","1","0","3","3","3","0","0","3","","","0","0","",""
"Sector-Specific Management","Services and consumer sectors","Sports, arts and luxury management","T13.S02.P06","Stable","0","1","1","0","2","2","4","0","0","5","","","0","0","",""
"Personal Effectiveness & Communication","Executive presence and communication","Executive presence and personal brand","T14.S01.P01","Stable","1","4","3","0","8","7","6","0","1","10","Y","","0","0","",""
"Personal Effectiveness & Communication","Executive presence and communication","Business storytelling and narrative","T14.S01.P02","Stable","1","9","1","0","11","6","5","0","1","12","","","3","1","Europe","LinkedIn Skills on the Rise 2026 - UK"
"Personal Effectiveness & Communication","Executive presence and communication","Public speaking, presentation and boardroom communication","T14.S01.P03","Stable","0","9","11","0","20","11","11","0","0","21","Y","","0","0","",""
"Personal Effectiveness & Communication","Executive presence and communication","Business writing and structured communication","T14.S01.P04","Stable","0","0","0","0","0","0","0","0","0","0","","","0","0","",""
"Personal Effectiveness & Communication","Executive presence and communication","Media, investor and stakeholder communication","T14.S01.P05","Stable","0","1","0","0","1","1","1","0","0","1","Y","","5","1","Global","LinkedIn Skills on the Rise 2026 (global)"
"Personal Effectiveness & Communication","Executive presence and communication","Cross-cultural and global communication","T14.S01.P06","Stable","0","0","0","0","0","0","0","0","0","0","","","0","0","",""
"Personal Effectiveness & Communication","Personal productivity and judgment","Decision-making, biases and behavioural judgment","T14.S02.P01","Stable","0","7","6","0","13","7","13","2","0","30","Y","","5","1","Global","Udemy 2026 Global Learning & Skills Trends"
"Personal Effectiveness & Communication","Personal productivity and judgment","Critical thinking and problem solving","T14.S02.P02","Stable","0","3","1","0","4","3","5","0","0","11","","","5","1","Global","WEF Future of Jobs Report 2025"
"Personal Effectiveness & Communication","Personal productivity and judgment","Time, attention and personal productivity","T14.S02.P03","Transformed","0","4","0","0","4","4","4","0","0","4","","","0","0","",""
"Personal Effectiveness & Communication","Personal productivity and judgment","Networking, influence and career strategy","T14.S02.P04","Stable","0","3","1","0","4","3","3","0","0","5","","","0","0","",""
"Personal Effectiveness & Communication","Personal productivity and judgment","Emotional intelligence and self-awareness","T14.S02.P05","Stable","0","5","0","0","5","3","9","0","0","14","","","8","2","Global;India","Gartner HR Priorities 2025 | WEF - future of jobs in India (story)"
"Personal Effectiveness & Communication","Personal productivity and judgment","Conflict management and mediation skills","T14.S02.P06","Stable","0","1","0","0","1","1","1","0","0","1","","","3","1","US","LinkedIn Skills on the Rise 2025"
"General Management (Integrative)","Comprehensive general management","General management programmes for senior leaders","T15.S01.P01","Stable","4","30","15","1","50","13","12","1","4","63","Y","","0","0","",""
"General Management (Integrative)","Comprehensive general management","Mini-MBA and business fundamentals for specialists","T15.S01.P02","Stable","2","0","4","0","6","4","3","0","2","6","","","0","0","",""
"General Management (Integrative)","Comprehensive general management","Cross-functional business simulation and integration","T15.S01.P03","Stable","0","0","0","0","0","0","0","0","0","0","","","0","0","",""
"General Management (Integrative)","Comprehensive general management","Owner-manager and promoter programmes","T15.S01.P04","Stable","0","0","0","0","0","0","0","0","0","0","","","0","0","",""
