"theme","subtheme","subtheme_id","isb","india_comp","global_comp","isb_also_covers","peers_also_cover","demand_sources","iima","iimb","iimc","iimk","iiml","hbs","imd","insead","lbs","wharton"
"Leadership & Executive Capability","Foundational leadership","T01.S01","2","16","51","0","0","13","6","7","3","0","0","12","10","13","6","10"
"Leadership & Executive Capability","Senior and C-suite leadership","T01.S02","0","18","23","3","42","1","2","4","2","5","5","2","5","6","3","7"
"Leadership & Executive Capability","Leading people and teams","T01.S03","1","1","7","0","2","1","0","0","1","0","0","0","5","1","1","0"
"Leadership & Executive Capability","Leading human-AI organisations","T01.S04","1","11","1","0","1","23","0","1","3","4","3","0","0","0","0","1"
"Leadership & Executive Capability","Change, resilience and crisis","T01.S05","0","10","13","0","3","9","1","5","0","0","4","1","4","2","3","3"
"Strategy","Corporate and competitive strategy","T02.S01","2","36","29","0","11","4","10","8","3","5","10","3","5","9","3","9"
"Strategy","Strategy execution","T02.S02","1","1","4","0","0","1","0","1","0","0","0","0","1","2","1","0"
"Strategy","AI-era strategy","T02.S03","2","6","5","0","2","2","0","1","1","3","1","2","1","0","1","1"
"Strategy","Geopolitics and macro strategy","T02.S04","0","2","2","0","3","1","0","1","1","0","0","0","2","0","0","0"
"Strategy","M&A and corporate development","T02.S05","0","5","9","0","3","0","1","2","1","0","1","1","0","2","2","4"
"AI, Data & Digital","AI foundations for leaders","T03.S01","1","11","5","0","11","19","2","0","1","6","2","0","1","1","1","2"
"AI, Data & Digital","AI governance, risk and regulation","T03.S02","0","0","1","1","8","6","0","0","0","0","0","0","0","1","0","0"
"AI, Data & Digital","Digital transformation","T03.S03","4","21","38","0","18","0","9","2","1","3","6","4","9","8","7","10"
"AI, Data & Digital","Data, analytics and decisions","T03.S04","1","35","6","0","7","8","5","13","5","6","6","0","1","0","0","5"
"AI, Data & Digital","Cybersecurity and technology risk","T03.S05","1","1","2","0","0","3","0","0","0","1","0","0","0","0","2","0"
"AI, Data & Digital","Emerging technology","T03.S06","0","0","0","0","0","0","0","0","0","0","0","0","0","0","0","0"
"Finance & Accounting","Finance for executives","T04.S01","1","33","19","0","11","1","8","8","4","8","5","2","2","3","5","7"
"Finance & Accounting","Investment and capital markets","T04.S02","1","11","29","0","10","0","1","5","3","1","1","5","2","0","4","18"
"Finance & Accounting","Risk, treasury and financial regulation","T04.S03","0","4","1","0","3","0","0","0","0","3","1","0","0","0","0","1"
"Finance & Accounting","Fintech and AI in finance","T04.S04","1","2","1","0","2","0","0","0","1","1","0","0","0","0","1","0"
"Marketing, Sales & Customer","Marketing strategy and brand","T05.S01","3","37","17","0","5","0","4","17","4","8","4","2","1","5","5","4"
"Marketing, Sales & Customer","Digital growth and performance marketing","T05.S02","2","7","7","0","7","0","0","3","1","2","1","2","0","0","1","4"
"Marketing, Sales & Customer","AI in marketing","T05.S03","0","5","1","0","6","0","1","0","2","2","0","0","0","0","0","1"
"Marketing, Sales & Customer","Sales and go-to-market","T05.S04","2","15","12","0","3","2","1","1","2","3","8","4","1","4","1","2"
"Operations, Supply Chain & Quality","Operations management","T06.S01","3","21","4","0","3","2","2","1","7","6","5","0","1","1","0","2"
"Operations, Supply Chain & Quality","Supply chain and logistics","T06.S02","0","14","6","0","6","0","4","2","2","5","1","0","1","2","1","2"
"People, Talent & Organisation","HR strategy and the CHRO agenda","T07.S01","1","33","6","0","34","1","2","2","7","11","11","1","0","0","1","4"
"People, Talent & Organisation","Talent, learning and workforce","T07.S02","0","4","5","0","3","10","0","2","0","0","2","1","3","0","0","1"
"People, Talent & Organisation","People analytics and AI in HR","T07.S03","1","3","0","0","1","2","1","0","0","0","2","0","0","0","0","0"
"People, Talent & Organisation","Culture, DEI and organisational behaviour","T07.S04","1","14","12","0","5","0","6","2","1","2","3","4","3","2","1","2"
"Governance, Risk & Legal","Board governance","T08.S01","1","3","24","0","8","0","0","3","0","0","0","4","8","8","0","4"
"Governance, Risk & Legal","Enterprise risk and compliance","T08.S02","0","4","2","0","4","2","3","0","0","1","0","1","0","1","0","0"
"Governance, Risk & Legal","Business law and regulation","T08.S03","0","7","0","0","1","0","2","2","2","1","0","0","0","0","0","0"
"Innovation & Entrepreneurship","Innovation management","T09.S01","0","9","20","0","2","1","1","3","0","2","3","3","6","2","1","8"
"Innovation & Entrepreneurship","Entrepreneurship","T09.S02","0","21","15","0","11","1","5","9","3","2","2","7","2","2","0","4"
"Sustainability, ESG & Climate","Sustainability strategy","T10.S01","0","11","14","0","0","3","0","5","2","1","3","0","9","3","2","0"
"Sustainability, ESG & Climate","ESG disclosure and governance","T10.S02","0","1","0","0","2","0","0","1","0","0","0","0","0","0","0","0"
"Public Policy, Government & Infrastructure","Public policy and governance","T11.S01","1","7","1","0","0","0","2","2","1","2","0","0","0","0","1","0"
"Public Policy, Government & Infrastructure","Sector and development policy","T11.S02","0","1","0","0","2","0","0","0","0","0","1","0","0","0","0","0"
"Healthcare & Life Sciences","Healthcare management","T12.S01","2","12","2","0","0","0","2","3","1","4","2","1","0","0","0","1"
"Healthcare & Life Sciences","Life sciences and pharma","T12.S02","0","0","0","0","0","0","0","0","0","0","0","0","0","0","0","0"
"Sector-Specific Management","Regulated and asset-heavy sectors","T13.S01","0","4","1","0","12","0","3","1","0","0","0","1","0","0","0","0"
"Sector-Specific Management","Services and consumer sectors","T13.S02","0","3","2","0","1","1","1","1","1","0","0","1","1","0","0","0"
"Personal Effectiveness & Communication","Executive presence and communication","T14.S01","2","18","12","0","2","2","3","6","4","5","0","0","0","6","1","5"
"Personal Effectiveness & Communication","Personal productivity and judgment","T14.S02","0","17","9","0","24","5","1","3","3","7","3","0","2","1","1","5"
"General Management (Integrative)","Comprehensive general management","T15.S01","3","23","19","0","8","0","5","4","3","8","3","2","4","4","3","6"
